"match.name","match.date","match.status","match.matchId","match.venue","match.utcStartTime","match.homeTeamId","match.awayTeamId","match.round","match.venueLocalStartTime","match.abbr","match.twitterHashTag","match.homeTeam.name","match.homeTeam.timeZone","match.homeTeam.teamId","match.homeTeam.abbr","match.homeTeam.nickname","match.awayTeam.name","match.awayTeam.timeZone","match.awayTeam.teamId","match.awayTeam.abbr","match.awayTeam.nickname","venue.address","venue.name","venue.state","venue.timeZone","venue.venueId","venue.abbreviation","venue.capacity","venue.groundDimension","venue.latitude","venue.longitude","round.name","round.year","round.roundId","round.abbreviation","round.competitionId","round.roundNumber","status","matchId","scoreWorm","scoreMap","lastUpdated","homeTeamScore.periodScore","homeTeamScore.rushedBehinds","homeTeamScore.minutesInFront","homeTeamScore.matchScore.totalScore","homeTeamScore.matchScore.goals","homeTeamScore.matchScore.behinds","homeTeamScore.matchScore.superGoals","awayTeamScore.periodScore","awayTeamScore.rushedBehinds","awayTeamScore.minutesInFront","awayTeamScore.matchScore.totalScore","awayTeamScore.matchScore.goals","awayTeamScore.matchScore.behinds","awayTeamScore.matchScore.superGoals","matchClock.periods","weather.description","weather.tempInCelsius","weather.weatherType","homeTeamScoreChart.goals","homeTeamScoreChart.leftBehinds","homeTeamScoreChart.rightBehinds","homeTeamScoreChart.leftPosters","homeTeamScoreChart.rightPosters","homeTeamScoreChart.rushedBehinds","homeTeamScoreChart.touchedBehinds","awayTeamScoreChart.goals","awayTeamScoreChart.leftBehinds","awayTeamScoreChart.rightBehinds","awayTeamScoreChart.leftPosters","awayTeamScoreChart.rightPosters","awayTeamScoreChart.rushedBehinds","awayTeamScoreChart.touchedBehinds"
"Melbourne Vs Western Bulldogs",2022-03-16 08:10:00,"CONCLUDED","CD_M20220140101","CD_V40","2022-03-16T08:10:00","CD_T90","CD_T140","CD_R202201401","2022-03-16T19:10:00","MELB V WB","#AFLDeesDogs","Melbourne",NA,"CD_T90","MELB","Demons","Western Bulldogs",NA,"CD_T140","WB","Bulldogs","Melbourne","MCG","VIC","Australia/Melbourne","CD_V40","MCG",NA,NA,NA,NA,"Round 1","2022","CD_R202201401","Rd 1","CD_S2022014",1,"CONCLUDED","CD_M20220140101",NA,NA,"2022-03-16T11:06:41.727+0000","1, 2, 3, 4, 29, 13, 26, 29, 4, 2, 4, 4, 5, 1, 2, 5, NA, NA, NA, NA",2,85,97,14,13,NA,"1, 2, 3, 4, 14, 37, 2, 18, 2, 6, 0, 3, 2, 1, 2, 0, NA, NA, NA, NA",1,29,71,11,5,NA,"1, 2, 3, 4, 1781, 1924, 1678, 1903, 1, 1, 1, 1, NA, NA, NA, NA, NA, NA, NA, NA","Humid Possible shower",27,"RAIN",14,8,0,2,1,2,0,11,2,2,0,0,1,0
"Carlton Vs Richmond",2022-03-17 08:25:00,"CONCLUDED","CD_M20220140102","CD_V40","2022-03-17T08:25:00","CD_T30","CD_T120","CD_R202201401","2022-03-17T19:25:00","CARL V RICH","#AFLBluesTigers","Carlton",NA,"CD_T30","CARL","Blues","Richmond",NA,"CD_T120","RICH","Tigers","Melbourne","MCG","VIC","Australia/Melbourne","CD_V40","MCG",NA,NA,NA,NA,"Round 1","2022","CD_R202201401","Rd 1","CD_S2022014",1,"CONCLUDED","CD_M20220140102",NA,NA,"2022-03-17T11:16:30.138+0000","1, 2, 3, 4, 29, 13, 26, 29, 4, 2, 4, 4, 5, 1, 2, 5, NA, NA, NA, NA",1,42,101,14,17,NA,"1, 2, 3, 4, 14, 37, 2, 18, 2, 6, 0, 3, 2, 1, 2, 0, NA, NA, NA, NA",2,65,76,11,10,NA,"1, 2, 3, 4, 1781, 1924, 1678, 1903, 1, 1, 1, 1, NA, NA, NA, NA, NA, NA, NA, NA","Possible shower",29,"RAIN",14,6,5,5,0,1,0,11,3,5,0,0,2,0
"St Kilda Vs Collingwood",2022-03-18 08:50:00,"CONCLUDED","CD_M20220140103","CD_V190","2022-03-18T08:50:00","CD_T130","CD_T40","CD_R202201401","2022-03-18T19:50:00","STK V COLL","#AFLSaintsPies","St Kilda",NA,"CD_T130","STK","Saints","Collingwood",NA,"CD_T40","COLL","Magpies","Melbourne","Marvel Stadium","VIC","Australia/Melbourne","CD_V190","MRVL",NA,NA,NA,NA,"Round 1","2022","CD_R202201401","Rd 1","CD_S2022014",1,"CONCLUDED","CD_M20220140103",NA,NA,"2022-03-18T11:54:34.670+0000","1, 2, 3, 4, 29, 13, 26, 29, 4, 2, 4, 4, 5, 1, 2, 5, NA, NA, NA, NA",2,5,85,12,13,NA,"1, 2, 3, 4, 14, 37, 2, 18, 2, 6, 0, 3, 2, 1, 2, 0, NA, NA, NA, NA",1,117,102,15,12,NA,"1, 2, 3, 4, 1781, 1924, 1678, 1903, 1, 1, 1, 1, NA, NA, NA, NA, NA, NA, NA, NA","Light showers clearing",21,"RAIN",12,6,4,1,0,2,0,15,5,3,2,1,1,0
"Geelong Cats Vs Essendon",2022-03-19 03:10:00,"CONCLUDED","CD_M20220140104","CD_V40","2022-03-19T03:10:00","CD_T70","CD_T50","CD_R202201401","2022-03-19T14:10:00","GEEL V ESS","#AFLCatsDons","Geelong Cats",NA,"CD_T70","GEEL","Cats","Essendon",NA,"CD_T50","ESS","Bombers","Melbourne","MCG","VIC","Australia/Melbourne","CD_V40","MCG",NA,NA,NA,NA,"Round 1","2022","CD_R202201401","Rd 1","CD_S2022014",1,"CONCLUDED","CD_M20220140104",NA,NA,"2022-03-19T06:12:16.201+0000","1, 2, 3, 4, 29, 13, 26, 29, 4, 2, 4, 4, 5, 1, 2, 5, NA, NA, NA, NA",6,125,138,20,18,NA,"1, 2, 3, 4, 14, 37, 2, 18, 2, 6, 0, 3, 2, 1, 2, 0, NA, NA, NA, NA",2,0,72,11,6,NA,"1, 2, 3, 4, 1781, 1924, 1678, 1903, 1, 1, 1, 1, NA, NA, NA, NA, NA, NA, NA, NA","Mostly sunny",29,"MOSTLY_SUNNY",20,4,5,2,1,6,0,11,3,1,0,0,2,0
"GWS Giants Vs Sydney Swans",2022-03-19 06:10:00,"CONCLUDED","CD_M20220140105","CD_V9","2022-03-19T06:10:00","CD_T1010","CD_T160","CD_R202201401","2022-03-19T17:10:00","GWS V SYD","#AFLGiantsSwans","GWS Giants",NA,"CD_T1010","GWS","Giants","Sydney Swans",NA,"CD_T160","SYD","Swans","Sydney","Accor Stadium","NSW","Australia/Sydney","CD_V9","ASA",NA,NA,NA,NA,"Round 1","2022","CD_R202201401","Rd 1","CD_S2022014",1,"CONCLUDED","CD_M20220140105",NA,NA,"2022-03-19T09:29:28.997+0000","1, 2, 3, 4, 29, 13, 26, 29, 4, 2, 4, 4, 5, 1, 2, 5, NA, NA, NA, NA",3,64,92,13,14,NA,"1, 2, 3, 4, 14, 37, 2, 18, 2, 6, 0, 3, 2, 1, 2, 0, NA, NA, NA, NA",4,51,112,17,10,NA,"1, 2, 3, 4, 1781, 1924, 1678, 1903, 1, 1, 1, 1, NA, NA, NA, NA, NA, NA, NA, NA","Showers easing",23,"RAIN",13,5,4,1,1,3,0,17,2,4,0,0,4,0
"Brisbane Lions Vs Port Adelaide",2022-03-19 09:10:00,"CONCLUDED","CD_M20220140106","CD_V20","2022-03-19T09:10:00","CD_T20","CD_T110","CD_R202201401","2022-03-19T19:10:00","BL V PORT","#AFLLionsPower","Brisbane Lions",NA,"CD_T20","BL","Lions","Port Adelaide",NA,"CD_T110","PORT","Power","Brisbane","Gabba","QLD","Australia/Brisbane","CD_V20","G",NA,NA,NA,NA,"Round 1","2022","CD_R202201401","Rd 1","CD_S2022014",1,"CONCLUDED","CD_M20220140106",NA,NA,"2022-03-19T12:22:38.649+0000","1, 2, 3, 4, 29, 13, 26, 29, 4, 2, 4, 4, 5, 1, 2, 5, NA, NA, NA, NA",3,57,80,11,14,NA,"1, 2, 3, 4, 14, 37, 2, 18, 2, 6, 0, 3, 2, 1, 2, 0, NA, NA, NA, NA",1,50,69,10,9,NA,"1, 2, 3, 4, 1781, 1924, 1678, 1903, 1, 1, 1, 1, NA, NA, NA, NA, NA, NA, NA, NA","Mostly Sunny",18,"MOSTLY_SUNNY",11,8,2,1,0,3,0,10,2,5,1,0,1,0
"Hawthorn Vs North Melbourne",2022-03-20 02:10:00,"CONCLUDED","CD_M20220140107","CD_V40","2022-03-20T02:10:00","CD_T80","CD_T100","CD_R202201401","2022-03-20T13:10:00","HAW V NMFC","#AFLHawksNorth","Hawthorn",NA,"CD_T80","HAW","Hawks","North Melbourne",NA,"CD_T100","NMFC","Kangaroos","Melbourne","MCG","VIC","Australia/Melbourne","CD_V40","MCG",NA,NA,NA,NA,"Round 1","2022","CD_R202201401","Rd 1","CD_S2022014",1,"CONCLUDED","CD_M20220140107",NA,NA,"2022-03-20T04:58:16.964+0000","1, 2, 3, 4, 29, 13, 26, 29, 4, 2, 4, 4, 5, 1, 2, 5, NA, NA, NA, NA",3,57,78,11,12,NA,"1, 2, 3, 4, 14, 37, 2, 18, 2, 6, 0, 3, 2, 1, 2, 0, NA, NA, NA, NA",2,56,58,8,10,NA,"1, 2, 3, 4, 1781, 1924, 1678, 1903, 1, 1, 1, 1, NA, NA, NA, NA, NA, NA, NA, NA","Partly cloudy",24,"MOSTLY_SUNNY",11,3,3,3,0,3,0,8,2,4,0,1,2,1
"Adelaide Crows Vs Fremantle",2022-03-20 05:10:00,"CONCLUDED","CD_M20220140108","CD_V6","2022-03-20T05:10:00","CD_T10","CD_T60","CD_R202201401","2022-03-20T15:40:00","ADEL V FRE","#AFLCrowsFreo","Adelaide Crows",NA,"CD_T10","ADEL","Crows","Fremantle",NA,"CD_T60","FRE","Freo","Adelaide","Adelaide Oval","SA","Australia/Adelaide","CD_V6","AO",NA,NA,NA,NA,"Round 1","2022","CD_R202201401","Rd 1","CD_S2022014",1,"CONCLUDED","CD_M20220140108",NA,NA,"2022-03-20T08:07:37.407+0000","1, 2, 3, 4, 29, 13, 26, 29, 4, 2, 4, 4, 5, 1, 2, 5, NA, NA, NA, NA",0,29,82,12,10,NA,"1, 2, 3, 4, 14, 37, 2, 18, 2, 6, 0, 3, 2, 1, 2, 0, NA, NA, NA, NA",2,82,83,11,17,NA,"1, 2, 3, 4, 1781, 1924, 1678, 1903, 1, 1, 1, 1, NA, NA, NA, NA, NA, NA, NA, NA","Mostly Sunny",18,"MOSTLY_SUNNY",12,4,5,0,1,0,0,11,8,6,1,0,2,0
"West Coast Eagles Vs Gold Coast Suns",2022-03-20 08:40:00,"CONCLUDED","CD_M20220140109","CD_V2925","2022-03-20T08:40:00","CD_T150","CD_T1000","CD_R202201401","2022-03-20T16:40:00","WCE V GCFC","#AFLEaglesSuns","West Coast Eagles",NA,"CD_T150","WCE","Eagles","Gold Coast Suns",NA,"CD_T1000","GCFC","Suns","Perth","Optus Stadium","WA","Australia/Perth","CD_V2925","OS",NA,NA,NA,NA,"Round 1","2022","CD_R202201401","Rd 1","CD_S2022014",1,"CONCLUDED","CD_M20220140109",NA,NA,"2022-03-20T11:34:43.623+0000","1, 2, 3, 4, 29, 13, 26, 29, 4, 2, 4, 4, 5, 1, 2, 5, NA, NA, NA, NA",2,56,80,12,8,NA,"1, 2, 3, 4, 14, 37, 2, 18, 2, 6, 0, 3, 2, 1, 2, 0, NA, NA, NA, NA",3,49,107,16,11,NA,"1, 2, 3, 4, 1781, 1924, 1678, 1903, 1, 1, 1, 1, NA, NA, NA, NA, NA, NA, NA, NA","Mostly Sunny",18,"MOSTLY_SUNNY",12,0,3,1,1,2,1,16,3,2,2,0,3,1
"Western Bulldogs Vs Carlton",2022-03-24 08:20:00,"CONCLUDED","CD_M20220140201","CD_V190","2022-03-24T08:20:00","CD_T140","CD_T30","CD_R202201402","2022-03-24T19:20:00","WB V CARL","#AFLDogsBlues","Western Bulldogs",NA,"CD_T140","WB","Bulldogs","Carlton",NA,"CD_T30","CARL","Blues","Melbourne","Marvel Stadium","VIC","Australia/Melbourne","CD_V190","MRVL",NA,NA,NA,NA,"Round 2","2022","CD_R202201402","Rd 2","CD_S2022014",2,"CONCLUDED","CD_M20220140201",NA,NA,"2022-03-24T11:25:55.296+0000","1, 2, 3, 4, 29, 13, 26, 29, 4, 2, 4, 4, 5, 1, 2, 5, NA, NA, NA, NA",3,4,90,13,12,NA,"1, 2, 3, 4, 14, 37, 2, 18, 2, 6, 0, 3, 2, 1, 2, 0, NA, NA, NA, NA",1,111,102,16,6,NA,"1, 2, 3, 4, 1781, 1924, 1678, 1903, 1, 1, 1, 1, NA, NA, NA, NA, NA, NA, NA, NA","Partly cloudy",20,"MOSTLY_SUNNY",13,4,2,1,1,3,1,16,3,1,1,0,1,0
"Sydney Swans Vs Geelong Cats",2022-03-25 08:50:00,"CONCLUDED","CD_M20220140202","CD_V60","2022-03-25T08:50:00","CD_T160","CD_T70","CD_R202201402","2022-03-25T19:50:00","SYD V GEEL","#AFLSwansCats","Sydney Swans",NA,"CD_T160","SYD","Swans","Geelong Cats",NA,"CD_T70","GEEL","Cats","Sydney","SCG","NSW","Australia/Sydney","CD_V60","SCG",NA,NA,NA,NA,"Round 2","2022","CD_R202201402","Rd 2","CD_S2022014",2,"CONCLUDED","CD_M20220140202",NA,NA,"2022-03-25T12:25:46.969+0000","1, 2, 3, 4, 29, 13, 26, 29, 4, 2, 4, 4, 5, 1, 2, 5, NA, NA, NA, NA",2,135,107,17,5,NA,"1, 2, 3, 4, 14, 37, 2, 18, 2, 6, 0, 3, 2, 1, 2, 0, NA, NA, NA, NA",5,13,77,10,17,NA,"1, 2, 3, 4, 1781, 1924, 1678, 1903, 1, 1, 1, 1, NA, NA, NA, NA, NA, NA, NA, NA","Showers",23,"RAIN",17,2,1,0,0,2,0,10,5,6,0,1,5,0
"Collingwood Vs Adelaide Crows",2022-03-26 02:45:00,"CONCLUDED","CD_M20220140203","CD_V40","2022-03-26T02:45:00","CD_T40","CD_T10","CD_R202201402","2022-03-26T13:45:00","COLL V ADEL","#AFLPiesCrows","Collingwood",NA,"CD_T40","COLL","Magpies","Adelaide Crows",NA,"CD_T10","ADEL","Crows","Melbourne","MCG","VIC","Australia/Melbourne","CD_V40","MCG",NA,NA,NA,NA,"Round 2","2022","CD_R202201402","Rd 2","CD_S2022014",2,"CONCLUDED","CD_M20220140203",NA,NA,"2022-03-26T05:52:39.824+0000","1, 2, 3, 4, 29, 13, 26, 29, 4, 2, 4, 4, 5, 1, 2, 5, NA, NA, NA, NA",2,103,100,15,10,NA,"1, 2, 3, 4, 14, 37, 2, 18, 2, 6, 0, 3, 2, 1, 2, 0, NA, NA, NA, NA",2,7,58,8,10,NA,"1, 2, 3, 4, 1781, 1924, 1678, 1903, 1, 1, 1, 1, NA, NA, NA, NA, NA, NA, NA, NA","Becoming sunny",24,"MOSTLY_SUNNY",15,2,5,0,1,2,0,8,6,0,2,0,2,0
"Essendon Vs Brisbane Lions",2022-03-26 05:35:00,"CONCLUDED","CD_M20220140204","CD_V190","2022-03-26T05:35:00","CD_T50","CD_T20","CD_R202201402","2022-03-26T16:35:00","ESS V BL","#AFLDonsLions","Essendon",NA,"CD_T50","ESS","Bombers","Brisbane Lions",NA,"CD_T20","BL","Lions","Melbourne","Marvel Stadium","VIC","Australia/Melbourne","CD_V190","MRVL",NA,NA,NA,NA,"Round 2","2022","CD_R202201402","Rd 2","CD_S2022014",2,"CONCLUDED","CD_M20220140204",NA,NA,"2022-03-26T08:38:47.886+0000","1, 2, 3, 4, 29, 13, 26, 29, 4, 2, 4, 4, 5, 1, 2, 5, NA, NA, NA, NA",2,50,75,10,15,NA,"1, 2, 3, 4, 14, 37, 2, 18, 2, 6, 0, 3, 2, 1, 2, 0, NA, NA, NA, NA",1,66,97,15,7,NA,"1, 2, 3, 4, 1781, 1924, 1678, 1903, 1, 1, 1, 1, NA, NA, NA, NA, NA, NA, NA, NA","Becoming sunny",24,"MOSTLY_SUNNY",10,2,9,1,1,2,0,15,2,3,0,0,1,1
"Port Adelaide Vs Hawthorn",2022-03-26 08:40:00,"CONCLUDED","CD_M20220140205","CD_V6","2022-03-26T08:40:00","CD_T110","CD_T80","CD_R202201402","2022-03-26T19:10:00","PORT V HAW","#AFLPowerHawks","Port Adelaide",NA,"CD_T110","PORT","Power","Hawthorn",NA,"CD_T80","HAW","Hawks","Adelaide","Adelaide Oval","SA","Australia/Adelaide","CD_V6","AO",NA,NA,NA,NA,"Round 2","2022","CD_R202201402","Rd 2","CD_S2022014",2,"CONCLUDED","CD_M20220140205",NA,NA,"2022-03-26T11:44:38.254+0000","1, 2, 3, 4, 29, 13, 26, 29, 4, 2, 4, 4, 5, 1, 2, 5, NA, NA, NA, NA",1,0,56,7,14,NA,"1, 2, 3, 4, 14, 37, 2, 18, 2, 6, 0, 3, 2, 1, 2, 0, NA, NA, NA, NA",1,117,120,19,6,NA,"1, 2, 3, 4, 1781, 1924, 1678, 1903, 1, 1, 1, 1, NA, NA, NA, NA, NA, NA, NA, NA","Mostly Sunny",18,"MOSTLY_SUNNY",7,7,4,1,1,1,0,19,3,2,0,0,1,0
"Gold Coast Suns Vs Melbourne",2022-03-26 09:00:00,"CONCLUDED","CD_M20220140206","CD_V81","2022-03-26T09:00:00","CD_T1000","CD_T90","CD_R202201402","2022-03-26T19:00:00","GCFC V MELB","#AFLSunsDees","Gold Coast Suns",NA,"CD_T1000","GCFC","Suns","Melbourne",NA,"CD_T90","MELB","Demons","Gold Coast","Metricon Stadium","QLD","Australia/Brisbane","CD_V81","MS",NA,NA,NA,NA,"Round 2","2022","CD_R202201402","Rd 2","CD_S2022014",2,"CONCLUDED","CD_M20220140206",NA,NA,"2022-03-26T12:12:47.821+0000","1, 2, 3, 4, 29, 13, 26, 29, 4, 2, 4, 4, 5, 1, 2, 5, NA, NA, NA, NA",1,26,69,10,9,NA,"1, 2, 3, 4, 14, 37, 2, 18, 2, 6, 0, 3, 2, 1, 2, 0, NA, NA, NA, NA",2,89,82,12,10,NA,"1, 2, 3, 4, 1781, 1924, 1678, 1903, 1, 1, 1, 1, NA, NA, NA, NA, NA, NA, NA, NA","Mostly Sunny",18,"MOSTLY_SUNNY",10,3,5,0,0,1,0,12,2,6,0,0,2,0
"North Melbourne Vs West Coast Eagles",2022-03-27 02:10:00,"CONCLUDED","CD_M20220140207","CD_V190","2022-03-27T02:10:00","CD_T100","CD_T150","CD_R202201402","2022-03-27T13:10:00","NMFC V WCE","#AFLNorthEagles","North Melbourne",NA,"CD_T100","NMFC","Kangaroos","West Coast Eagles",NA,"CD_T150","WCE","Eagles","Melbourne","Marvel Stadium","VIC","Australia/Melbourne","CD_V190","MRVL",NA,NA,NA,NA,"Round 2","2022","CD_R202201402","Rd 2","CD_S2022014",2,"CONCLUDED","CD_M20220140207",NA,NA,"2022-03-27T04:59:42.621+0000","1, 2, 3, 4, 29, 13, 26, 29, 4, 2, 4, 4, 5, 1, 2, 5, NA, NA, NA, NA",4,98,74,10,14,NA,"1, 2, 3, 4, 14, 37, 2, 18, 2, 6, 0, 3, 2, 1, 2, 0, NA, NA, NA, NA",3,3,59,8,11,NA,"1, 2, 3, 4, 1781, 1924, 1678, 1903, 1, 1, 1, 1, NA, NA, NA, NA, NA, NA, NA, NA","Sunny",28,"SUNNY",10,4,4,1,1,4,0,8,3,2,0,2,3,1
"Richmond Vs GWS Giants",2022-03-27 04:20:00,"CONCLUDED","CD_M20220140208","CD_V40","2022-03-27T04:20:00","CD_T120","CD_T1010","CD_R202201402","2022-03-27T15:20:00","RICH V GWS","#AFLTigersGiants","Richmond",NA,"CD_T120","RICH","Tigers","GWS Giants",NA,"CD_T1010","GWS","Giants","Melbourne","MCG","VIC","Australia/Melbourne","CD_V40","MCG",NA,NA,NA,NA,"Round 2","2022","CD_R202201402","Rd 2","CD_S2022014",2,"CONCLUDED","CD_M20220140208",NA,NA,"2022-03-27T07:07:17.433+0000","1, 2, 3, 4, 29, 13, 26, 29, 4, 2, 4, 4, 5, 1, 2, 5, NA, NA, NA, NA",5,88,109,16,13,NA,"1, 2, 3, 4, 14, 37, 2, 18, 2, 6, 0, 3, 2, 1, 2, 0, NA, NA, NA, NA",3,22,73,10,13,NA,"1, 2, 3, 4, 1781, 1924, 1678, 1903, 1, 1, 1, 1, NA, NA, NA, NA, NA, NA, NA, NA","Sunny",28,"SUNNY",16,2,4,0,2,5,0,10,4,4,1,1,3,0
"Fremantle Vs St Kilda",2022-03-27 07:20:00,"CONCLUDED","CD_M20220140209","CD_V2925","2022-03-27T07:20:00","CD_T60","CD_T130","CD_R202201402","2022-03-27T15:20:00","FRE V STK","#AFLFreoSaints","Fremantle",NA,"CD_T60","FRE","Freo","St Kilda",NA,"CD_T130","STK","Saints","Perth","Optus Stadium","WA","Australia/Perth","CD_V2925","OS",NA,NA,NA,NA,"Round 2","2022","CD_R202201402","Rd 2","CD_S2022014",2,"CONCLUDED","CD_M20220140209",NA,NA,"2022-03-27T10:06:38.329+0000","1, 2, 3, 4, 29, 13, 26, 29, 4, 2, 4, 4, 5, 1, 2, 5, NA, NA, NA, NA",1,53,55,8,7,NA,"1, 2, 3, 4, 14, 37, 2, 18, 2, 6, 0, 3, 2, 1, 2, 0, NA, NA, NA, NA",1,56,65,9,11,NA,"1, 2, 3, 4, 1781, 1924, 1678, 1903, 1, 1, 1, 1, NA, NA, NA, NA, NA, NA, NA, NA","Mostly Sunny",18,"MOSTLY_SUNNY",8,2,4,0,0,1,0,9,5,3,1,1,1,0
"Western Bulldogs Vs Sydney Swans",2022-03-31 08:20:00,"CONCLUDED","CD_M20220140301","CD_V190","2022-03-31T08:20:00","CD_T140","CD_T160","CD_R202201403","2022-03-31T19:20:00","WB V SYD","#AFLDogsSwans","Western Bulldogs",NA,"CD_T140","WB","Bulldogs","Sydney Swans",NA,"CD_T160","SYD","Swans","Melbourne","Marvel Stadium","VIC","Australia/Melbourne","CD_V190","MRVL",NA,NA,NA,NA,"Round 3","2022","CD_R202201403","Rd 3","CD_S2022014",3,"CONCLUDED","CD_M20220140301",NA,NA,"2022-03-31T11:10:05.994+0000","1, 2, 3, 4, 29, 13, 26, 29, 4, 2, 4, 4, 5, 1, 2, 5, NA, NA, NA, NA",5,117,71,9,17,NA,"1, 2, 3, 4, 14, 37, 2, 18, 2, 6, 0, 3, 2, 1, 2, 0, NA, NA, NA, NA",2,0,60,9,6,NA,"1, 2, 3, 4, 1781, 1924, 1678, 1903, 1, 1, 1, 1, NA, NA, NA, NA, NA, NA, NA, NA","Shower or two clearing",21,"RAIN",9,2,8,0,1,5,1,9,2,1,1,0,2,0
"Melbourne Vs Essendon",2022-04-01 08:20:00,"CONCLUDED","CD_M20220140302","CD_V40","2022-04-01T08:20:00","CD_T90","CD_T50","CD_R202201403","2022-04-01T19:20:00","MELB V ESS","#AFLDeesDons","Melbourne",NA,"CD_T90","MELB","Demons","Essendon",NA,"CD_T50","ESS","Bombers","Melbourne","MCG","VIC","Australia/Melbourne","CD_V40","MCG",NA,NA,NA,NA,"Round 3","2022","CD_R202201403","Rd 3","CD_S2022014",3,"CONCLUDED","CD_M20220140302",NA,NA,"2022-04-01T11:17:24.559+0000","1, 2, 3, 4, 29, 13, 26, 29, 4, 2, 4, 4, 5, 1, 2, 5, NA, NA, NA, NA",1,96,99,14,15,NA,"1, 2, 3, 4, 14, 37, 2, 18, 2, 6, 0, 3, 2, 1, 2, 0, NA, NA, NA, NA",3,14,70,10,10,NA,"1, 2, 3, 4, 1781, 1924, 1678, 1903, 1, 1, 1, 1, NA, NA, NA, NA, NA, NA, NA, NA","Partly cloudy",20,"MOSTLY_SUNNY",14,7,5,1,1,1,0,10,4,2,1,0,3,0
"Adelaide Crows Vs Port Adelaide",2022-04-01 09:20:00,"CONCLUDED","CD_M20220140303","CD_V6","2022-04-01T09:20:00","CD_T10","CD_T110","CD_R202201403","2022-04-01T19:50:00","ADEL V PORT","#AFLCrowsPower","Adelaide Crows",NA,"CD_T10","ADEL","Crows","Port Adelaide",NA,"CD_T110","PORT","Power","Adelaide","Adelaide Oval","SA","Australia/Adelaide","CD_V6","AO",NA,NA,NA,NA,"Round 3","2022","CD_R202201403","Rd 3","CD_S2022014",3,"CONCLUDED","CD_M20220140303",NA,NA,"2022-04-01T12:24:31.468+0000","1, 2, 3, 4, 29, 13, 26, 29, 4, 2, 4, 4, 5, 1, 2, 5, NA, NA, NA, NA",0,8,96,15,6,NA,"1, 2, 3, 4, 14, 37, 2, 18, 2, 6, 0, 3, 2, 1, 2, 0, NA, NA, NA, NA",3,114,92,13,14,NA,"1, 2, 3, 4, 1781, 1924, 1678, 1903, 1, 1, 1, 1, NA, NA, NA, NA, NA, NA, NA, NA","Mostly Sunny",18,"MOSTLY_SUNNY",15,1,4,0,0,0,1,13,5,3,0,1,3,2
"GWS Giants Vs Gold Coast Suns",2022-04-02 05:35:00,"CONCLUDED","CD_M20220140304","CD_V43","2022-04-02T05:35:00","CD_T1010","CD_T1000","CD_R202201403","2022-04-02T16:35:00","GWS V GCFC","#AFLGiantsSuns","GWS Giants",NA,"CD_T1010","GWS","Giants","Gold Coast Suns",NA,"CD_T1000","GCFC","Suns","Sydney","GIANTS Stadium","NSW","Australia/Sydney","CD_V43","GS",NA,NA,NA,NA,"Round 3","2022","CD_R202201403","Rd 3","CD_S2022014",3,"CONCLUDED","CD_M20220140304",NA,NA,"2022-04-02T08:42:07.544+0000","1, 2, 3, 4, 29, 13, 26, 29, 4, 2, 4, 4, 5, 1, 2, 5, NA, NA, NA, NA",0,109,83,12,11,NA,"1, 2, 3, 4, 14, 37, 2, 18, 2, 6, 0, 3, 2, 1, 2, 0, NA, NA, NA, NA",2,0,57,8,9,NA,"1, 2, 3, 4, 1781, 1924, 1678, 1903, 1, 1, 1, 1, NA, NA, NA, NA, NA, NA, NA, NA","Shower or two, clearing",21,"RAIN",12,4,5,1,1,0,0,8,7,0,0,0,2,0
"Collingwood Vs Geelong Cats",2022-04-02 08:25:00,"CONCLUDED","CD_M20220140305","CD_V40","2022-04-02T08:25:00","CD_T40","CD_T70","CD_R202201403","2022-04-02T19:25:00","COLL V GEEL","#AFLPiesCats","Collingwood",NA,"CD_T40","COLL","Magpies","Geelong Cats",NA,"CD_T70","GEEL","Cats","Melbourne","MCG","VIC","Australia/Melbourne","CD_V40","MCG",NA,NA,NA,NA,"Round 3","2022","CD_R202201403","Rd 3","CD_S2022014",3,"CONCLUDED","CD_M20220140305",NA,NA,"2022-04-02T11:51:01.023+0000","1, 2, 3, 4, 29, 13, 26, 29, 4, 2, 4, 4, 5, 1, 2, 5, NA, NA, NA, NA",3,95,91,13,13,NA,"1, 2, 3, 4, 14, 37, 2, 18, 2, 6, 0, 3, 2, 1, 2, 0, NA, NA, NA, NA",3,15,104,16,8,NA,"1, 2, 3, 4, 1781, 1924, 1678, 1903, 1, 1, 1, 1, NA, NA, NA, NA, NA, NA, NA, NA","Shower or two",19,"RAIN",13,2,6,1,0,3,1,16,5,0,0,0,3,0
"Brisbane Lions Vs North Melbourne",2022-04-02 09:00:00,"CONCLUDED","CD_M20220140306","CD_V20","2022-04-02T09:00:00","CD_T20","CD_T100","CD_R202201403","2022-04-02T19:00:00","BL V NMFC","#AFLLionsNorth","Brisbane Lions",NA,"CD_T20","BL","Lions","North Melbourne",NA,"CD_T100","NMFC","Kangaroos","Brisbane","Gabba","QLD","Australia/Brisbane","CD_V20","G",NA,NA,NA,NA,"Round 3","2022","CD_R202201403","Rd 3","CD_S2022014",3,"CONCLUDED","CD_M20220140306",NA,NA,"2022-04-02T12:01:20.880+0000","1, 2, 3, 4, 29, 13, 26, 29, 4, 2, 4, 4, 5, 1, 2, 5, NA, NA, NA, NA",1,124,156,23,18,NA,"1, 2, 3, 4, 14, 37, 2, 18, 2, 6, 0, 3, 2, 1, 2, 0, NA, NA, NA, NA",1,0,48,7,6,NA,"1, 2, 3, 4, 1781, 1924, 1678, 1903, 1, 1, 1, 1, NA, NA, NA, NA, NA, NA, NA, NA","Mostly Sunny",18,"MOSTLY_SUNNY",23,7,6,0,3,1,1,7,3,1,0,0,1,1
"Carlton Vs Hawthorn",2022-04-03 03:10:00,"CONCLUDED","CD_M20220140307","CD_V40","2022-04-03T03:10:00","CD_T30","CD_T80","CD_R202201403","2022-04-03T13:10:00","CARL V HAW","#AFLBluesHawks","Carlton",NA,"CD_T30","CARL","Blues","Hawthorn",NA,"CD_T80","HAW","Hawks","Melbourne","MCG","VIC","Australia/Melbourne","CD_V40","MCG",NA,NA,NA,NA,"Round 3","2022","CD_R202201403","Rd 3","CD_S2022014",3,"CONCLUDED","CD_M20220140307",NA,NA,"2022-04-03T06:09:26.877+0000","1, 2, 3, 4, 29, 13, 26, 29, 4, 2, 4, 4, 5, 1, 2, 5, NA, NA, NA, NA",2,93,74,11,8,NA,"1, 2, 3, 4, 14, 37, 2, 18, 2, 6, 0, 3, 2, 1, 2, 0, NA, NA, NA, NA",2,18,73,11,7,NA,"1, 2, 3, 4, 1781, 1924, 1678, 1903, 1, 1, 1, 1, NA, NA, NA, NA, NA, NA, NA, NA","Shower or two",19,"RAIN",11,3,2,0,0,2,1,11,2,1,0,0,2,2
"St Kilda Vs Richmond",2022-04-03 05:20:00,"CONCLUDED","CD_M20220140308","CD_V190","2022-04-03T05:20:00","CD_T130","CD_T120","CD_R202201403","2022-04-03T15:20:00","STK V RICH","#AFLSaintsTigers","St Kilda",NA,"CD_T130","STK","Saints","Richmond",NA,"CD_T120","RICH","Tigers","Melbourne","Marvel Stadium","VIC","Australia/Melbourne","CD_V190","MRVL",NA,NA,NA,NA,"Round 3","2022","CD_R202201403","Rd 3","CD_S2022014",3,"CONCLUDED","CD_M20220140308",NA,NA,"2022-04-03T08:15:51.587+0000","1, 2, 3, 4, 29, 13, 26, 29, 4, 2, 4, 4, 5, 1, 2, 5, NA, NA, NA, NA",1,47,117,18,9,NA,"1, 2, 3, 4, 14, 37, 2, 18, 2, 6, 0, 3, 2, 1, 2, 0, NA, NA, NA, NA",2,71,84,13,6,NA,"1, 2, 3, 4, 1781, 1924, 1678, 1903, 1, 1, 1, 1, NA, NA, NA, NA, NA, NA, NA, NA","Shower or two",19,"RAIN",18,5,1,0,2,1,0,13,2,2,0,0,2,0
"West Coast Eagles Vs Fremantle",2022-04-03 08:20:00,"CONCLUDED","CD_M20220140309","CD_V2925","2022-04-03T08:20:00","CD_T150","CD_T60","CD_R202201403","2022-04-03T16:20:00","WCE V FRE","#AFLEaglesFreo","West Coast Eagles",NA,"CD_T150","WCE","Eagles","Fremantle",NA,"CD_T60","FRE","Freo","Perth","Optus Stadium","WA","Australia/Perth","CD_V2925","OS",NA,NA,NA,NA,"Round 3","2022","CD_R202201403","Rd 3","CD_S2022014",3,"CONCLUDED","CD_M20220140309",NA,NA,"2022-04-03T11:29:14.953+0000","1, 2, 3, 4, 29, 13, 26, 29, 4, 2, 4, 4, 5, 1, 2, 5, NA, NA, NA, NA",2,6,47,7,5,NA,"1, 2, 3, 4, 14, 37, 2, 18, 2, 6, 0, 3, 2, 1, 2, 0, NA, NA, NA, NA",2,97,102,15,12,NA,"1, 2, 3, 4, 1781, 1924, 1678, 1903, 1, 1, 1, 1, NA, NA, NA, NA, NA, NA, NA, NA","Mostly Sunny",18,"MOSTLY_SUNNY",7,2,1,0,0,2,0,15,5,4,1,0,2,0
"Port Adelaide Vs Melbourne",2022-04-07 09:40:00,"CONCLUDED","CD_M20220140401","CD_V6","2022-04-07T09:40:00","CD_T110","CD_T90","CD_R202201404","2022-04-07T19:10:00","PORT V MELB","#AFLPowerDees","Port Adelaide",NA,"CD_T110","PORT","Power","Melbourne",NA,"CD_T90","MELB","Demons","Adelaide","Adelaide Oval","SA","Australia/Adelaide","CD_V6","AO",NA,NA,NA,NA,"Round 4","2022","CD_R202201404","Rd 4","CD_S2022014",4,"CONCLUDED","CD_M20220140401",NA,NA,"2022-04-07T12:46:33.384+0000","1, 2, 3, 4, 29, 13, 26, 29, 4, 2, 4, 4, 5, 1, 2, 5, NA, NA, NA, NA",1,0,36,4,12,NA,"1, 2, 3, 4, 14, 37, 2, 18, 2, 6, 0, 3, 2, 1, 2, 0, NA, NA, NA, NA",2,105,68,10,8,NA,"1, 2, 3, 4, 1781, 1924, 1678, 1903, 1, 1, 1, 1, NA, NA, NA, NA, NA, NA, NA, NA","Mostly Sunny",18,"MOSTLY_SUNNY",4,4,4,1,0,1,2,10,3,3,0,0,2,0
"Geelong Cats Vs Brisbane Lions",2022-04-08 09:50:00,"CONCLUDED","CD_M20220140402","CD_V30","2022-04-08T09:50:00","CD_T70","CD_T20","CD_R202201404","2022-04-08T19:50:00","GEEL V BL","#AFLCatsLions","Geelong Cats",NA,"CD_T70","GEEL","Cats","Brisbane Lions",NA,"CD_T20","BL","Lions","Geelong","GMHBA Stadium","VIC","Australia/Melbourne","CD_V30","GMHBA",NA,NA,NA,NA,"Round 4","2022","CD_R202201404","Rd 4","CD_S2022014",4,"CONCLUDED","CD_M20220140402",NA,NA,"2022-04-08T12:51:31.244+0000","1, 2, 3, 4, 29, 13, 26, 29, 4, 2, 4, 4, 5, 1, 2, 5, NA, NA, NA, NA",1,77,80,11,14,NA,"1, 2, 3, 4, 14, 37, 2, 18, 2, 6, 0, 3, 2, 1, 2, 0, NA, NA, NA, NA",0,16,70,11,4,NA,"1, 2, 3, 4, 1781, 1924, 1678, 1903, 1, 1, 1, 1, NA, NA, NA, NA, NA, NA, NA, NA","Partly cloudy",23,"MOSTLY_SUNNY",11,7,5,0,0,1,1,11,2,1,0,0,0,1
"Sydney Swans Vs North Melbourne",2022-04-09 04:40:00,"CONCLUDED","CD_M20220140403","CD_V60","2022-04-09T04:40:00","CD_T160","CD_T100","CD_R202201404","2022-04-09T14:40:00","SYD V NMFC","#AFLSwansNorth","Sydney Swans",NA,"CD_T160","SYD","Swans","North Melbourne",NA,"CD_T100","NMFC","Kangaroos","Sydney","SCG","NSW","Australia/Sydney","CD_V60","SCG",NA,NA,NA,NA,"Round 4","2022","CD_R202201404","Rd 4","CD_S2022014",4,"CONCLUDED","CD_M20220140403",NA,NA,"2022-04-09T07:41:41.461+0000","1, 2, 3, 4, 29, 13, 26, 29, 4, 2, 4, 4, 5, 1, 2, 5, NA, NA, NA, NA",1,45,86,13,8,NA,"1, 2, 3, 4, 14, 37, 2, 18, 2, 6, 0, 3, 2, 1, 2, 0, NA, NA, NA, NA",0,68,75,12,3,NA,"1, 2, 3, 4, 1781, 1924, 1678, 1903, 1, 1, 1, 1, NA, NA, NA, NA, NA, NA, NA, NA","Showers",24,"RAIN",13,1,2,1,1,1,2,12,1,2,0,0,0,0
"Collingwood Vs West Coast Eagles",2022-04-09 06:35:00,"CONCLUDED","CD_M20220140404","CD_V190","2022-04-09T06:35:00","CD_T40","CD_T150","CD_R202201404","2022-04-09T16:35:00","COLL V WCE","#AFLPiesEagles","Collingwood",NA,"CD_T40","COLL","Magpies","West Coast Eagles",NA,"CD_T150","WCE","Eagles","Melbourne","Marvel Stadium","VIC","Australia/Melbourne","CD_V190","MRVL",NA,NA,NA,NA,"Round 4","2022","CD_R202201404","Rd 4","CD_S2022014",4,"CONCLUDED","CD_M20220140404",NA,NA,"2022-04-09T09:31:46.911+0000","1, 2, 3, 4, 29, 13, 26, 29, 4, 2, 4, 4, 5, 1, 2, 5, NA, NA, NA, NA",5,44,74,10,14,NA,"1, 2, 3, 4, 14, 37, 2, 18, 2, 6, 0, 3, 2, 1, 2, 0, NA, NA, NA, NA",1,69,87,14,3,NA,"1, 2, 3, 4, 1781, 1924, 1678, 1903, 1, 1, 1, 1, NA, NA, NA, NA, NA, NA, NA, NA","Partly cloudy",26,"MOSTLY_SUNNY",10,3,3,1,1,5,1,14,0,2,0,0,1,0
"Richmond Vs Western Bulldogs",2022-04-09 09:25:00,"CONCLUDED","CD_M20220140405","CD_V40","2022-04-09T09:25:00","CD_T120","CD_T140","CD_R202201404","2022-04-09T19:25:00","RICH V WB","#AFLTigersDogs","Richmond",NA,"CD_T120","RICH","Tigers","Western Bulldogs",NA,"CD_T140","WB","Bulldogs","Melbourne","MCG","VIC","Australia/Melbourne","CD_V40","MCG",NA,NA,NA,NA,"Round 4","2022","CD_R202201404","Rd 4","CD_S2022014",4,"CONCLUDED","CD_M20220140405",NA,NA,"2022-04-09T12:16:54.208+0000","1, 2, 3, 4, 29, 13, 26, 29, 4, 2, 4, 4, 5, 1, 2, 5, NA, NA, NA, NA",1,94,99,15,9,NA,"1, 2, 3, 4, 14, 37, 2, 18, 2, 6, 0, 3, 2, 1, 2, 0, NA, NA, NA, NA",4,18,61,7,19,NA,"1, 2, 3, 4, 1781, 1924, 1678, 1903, 1, 1, 1, 1, NA, NA, NA, NA, NA, NA, NA, NA","Partly cloudy",26,"MOSTLY_SUNNY",15,4,3,1,0,1,0,7,8,5,1,0,4,1
"Fremantle Vs GWS Giants",2022-04-09 09:25:00,"CONCLUDED","CD_M20220140406","CD_V2925","2022-04-09T09:25:00","CD_T60","CD_T1010","CD_R202201404","2022-04-09T17:25:00","FRE V GWS","#AFLFreoGiants","Fremantle",NA,"CD_T60","FRE","Freo","GWS Giants",NA,"CD_T1010","GWS","Giants","Perth","Optus Stadium","WA","Australia/Perth","CD_V2925","OS",NA,NA,NA,NA,"Round 4","2022","CD_R202201404","Rd 4","CD_S2022014",4,"CONCLUDED","CD_M20220140406",NA,NA,"2022-04-09T12:21:26.599+0000","1, 2, 3, 4, 29, 13, 26, 29, 4, 2, 4, 4, 5, 1, 2, 5, NA, NA, NA, NA",1,75,88,13,10,NA,"1, 2, 3, 4, 14, 37, 2, 18, 2, 6, 0, 3, 2, 1, 2, 0, NA, NA, NA, NA",0,25,54,8,6,NA,"1, 2, 3, 4, 1781, 1924, 1678, 1903, 1, 1, 1, 1, NA, NA, NA, NA, NA, NA, NA, NA","Mostly Sunny",18,"MOSTLY_SUNNY",13,6,3,0,0,1,0,8,3,3,0,0,0,0
"Essendon Vs Adelaide Crows",2022-04-10 03:10:00,"CONCLUDED","CD_M20220140407","CD_V190","2022-04-10T03:10:00","CD_T50","CD_T10","CD_R202201404","2022-04-10T13:10:00","ESS V ADEL","#AFLDonsCrows","Essendon",NA,"CD_T50","ESS","Bombers","Adelaide Crows",NA,"CD_T10","ADEL","Crows","Melbourne","Marvel Stadium","VIC","Australia/Melbourne","CD_V190","MRVL",NA,NA,NA,NA,"Round 4","2022","CD_R202201404","Rd 4","CD_S2022014",4,"CONCLUDED","CD_M20220140407",NA,NA,"2022-04-10T06:05:10.242+0000","1, 2, 3, 4, 29, 13, 26, 29, 4, 2, 4, 4, 5, 1, 2, 5, NA, NA, NA, NA",4,104,103,15,13,NA,"1, 2, 3, 4, 14, 37, 2, 18, 2, 6, 0, 3, 2, 1, 2, 0, NA, NA, NA, NA",3,9,99,15,9,NA,"1, 2, 3, 4, 1781, 1924, 1678, 1903, 1, 1, 1, 1, NA, NA, NA, NA, NA, NA, NA, NA","Mostly sunny",27,"MOSTLY_SUNNY",15,3,5,0,1,4,0,15,2,2,0,1,3,1
"Hawthorn Vs St Kilda",2022-04-10 05:20:00,"CONCLUDED","CD_M20220140408","CD_V40","2022-04-10T05:20:00","CD_T80","CD_T130","CD_R202201404","2022-04-10T15:20:00","HAW V STK","#AFLHawksSaints","Hawthorn",NA,"CD_T80","HAW","Hawks","St Kilda",NA,"CD_T130","STK","Saints","Melbourne","MCG","VIC","Australia/Melbourne","CD_V40","MCG",NA,NA,NA,NA,"Round 4","2022","CD_R202201404","Rd 4","CD_S2022014",4,"CONCLUDED","CD_M20220140408",NA,NA,"2022-04-10T08:13:40.140+0000","1, 2, 3, 4, 29, 13, 26, 29, 4, 2, 4, 4, 5, 1, 2, 5, NA, NA, NA, NA",1,13,73,10,13,NA,"1, 2, 3, 4, 14, 37, 2, 18, 2, 6, 0, 3, 2, 1, 2, 0, NA, NA, NA, NA",1,106,142,22,10,NA,"1, 2, 3, 4, 1781, 1924, 1678, 1903, 1, 1, 1, 1, NA, NA, NA, NA, NA, NA, NA, NA","Mostly sunny",27,"MOSTLY_SUNNY",10,3,8,1,0,1,0,22,2,4,2,0,1,1
"Gold Coast Suns Vs Carlton",2022-04-10 06:10:00,"CONCLUDED","CD_M20220140409","CD_V81","2022-04-10T06:10:00","CD_T1000","CD_T30","CD_R202201404","2022-04-10T16:10:00","GCFC V CARL","#AFLSunsBlues","Gold Coast Suns",NA,"CD_T1000","GCFC","Suns","Carlton",NA,"CD_T30","CARL","Blues","Gold Coast","Metricon Stadium","QLD","Australia/Brisbane","CD_V81","MS",NA,NA,NA,NA,"Round 4","2022","CD_R202201404","Rd 4","CD_S2022014",4,"CONCLUDED","CD_M20220140409",NA,NA,"2022-04-10T09:08:21.363+0000","1, 2, 3, 4, 29, 13, 26, 29, 4, 2, 4, 4, 5, 1, 2, 5, NA, NA, NA, NA",1,103,92,13,14,NA,"1, 2, 3, 4, 14, 37, 2, 18, 2, 6, 0, 3, 2, 1, 2, 0, NA, NA, NA, NA",1,16,62,8,14,NA,"1, 2, 3, 4, 1781, 1924, 1678, 1903, 1, 1, 1, 1, NA, NA, NA, NA, NA, NA, NA, NA","Partly cloudy",27,"MOSTLY_SUNNY",13,5,6,2,0,1,0,8,4,6,1,1,1,1
"Brisbane Lions Vs Collingwood",2022-04-14 09:35:00,"CONCLUDED","CD_M20220140501","CD_V20","2022-04-14T09:35:00","CD_T20","CD_T40","CD_R202201405","2022-04-14T19:35:00","BL V COLL","#AFLLionsPies","Brisbane Lions",NA,"CD_T20","BL","Lions","Collingwood",NA,"CD_T40","COLL","Magpies","Brisbane","Gabba","QLD","Australia/Brisbane","CD_V20","G",NA,NA,NA,NA,"Round 5","2022","CD_R202201405","Rd 5","CD_S2022014",5,"CONCLUDED","CD_M20220140501",NA,NA,"2022-04-14T12:33:03.318+0000","1, 2, 3, 4, 29, 13, 26, 29, 4, 2, 4, 4, 5, 1, 2, 5, NA, NA, NA, NA",1,90,98,15,8,NA,"1, 2, 3, 4, 14, 37, 2, 18, 2, 6, 0, 3, 2, 1, 2, 0, NA, NA, NA, NA",0,21,91,14,7,NA,"1, 2, 3, 4, 1781, 1924, 1678, 1903, 1, 1, 1, 1, NA, NA, NA, NA, NA, NA, NA, NA","Shower or two",26,"RAIN",15,3,2,0,1,1,1,14,5,2,0,0,0,0
"North Melbourne Vs Western Bulldogs",2022-04-15 06:20:00,"CONCLUDED","CD_M20220140502","CD_V190","2022-04-15T06:20:00","CD_T100","CD_T140","CD_R202201405","2022-04-15T16:20:00","NMFC V WB","#AFLNorthDogs","North Melbourne",NA,"CD_T100","NMFC","Kangaroos","Western Bulldogs",NA,"CD_T140","WB","Bulldogs","Melbourne","Marvel Stadium","VIC","Australia/Melbourne","CD_V190","MRVL",NA,NA,NA,NA,"Round 5","2022","CD_R202201405","Rd 5","CD_S2022014",5,"CONCLUDED","CD_M20220140502",NA,NA,"2022-04-15T09:09:45.321+0000","1, 2, 3, 4, 29, 13, 26, 29, 4, 2, 4, 4, 5, 1, 2, 5, NA, NA, NA, NA",1,0,71,11,5,NA,"1, 2, 3, 4, 14, 37, 2, 18, 2, 6, 0, 3, 2, 1, 2, 0, NA, NA, NA, NA",2,120,139,21,13,NA,"1, 2, 3, 4, 1781, 1924, 1678, 1903, 1, 1, 1, 1, NA, NA, NA, NA, NA, NA, NA, NA","Partly cloudy",24,"MOSTLY_SUNNY",11,0,2,1,1,1,0,21,5,6,0,0,2,0
"West Coast Eagles Vs Sydney Swans",2022-04-15 09:40:00,"CONCLUDED","CD_M20220140503","CD_V2925","2022-04-15T09:40:00","CD_T150","CD_T160","CD_R202201405","2022-04-15T17:40:00","WCE V SYD","#AFLEaglesSwans","West Coast Eagles",NA,"CD_T150","WCE","Eagles","Sydney Swans",NA,"CD_T160","SYD","Swans","Perth","Optus Stadium","WA","Australia/Perth","CD_V2925","OS",NA,NA,NA,NA,"Round 5","2022","CD_R202201405","Rd 5","CD_S2022014",5,"CONCLUDED","CD_M20220140503",NA,NA,"2022-04-15T12:29:01.391+0000","1, 2, 3, 4, 29, 13, 26, 29, 4, 2, 4, 4, 5, 1, 2, 5, NA, NA, NA, NA",0,0,58,9,4,NA,"1, 2, 3, 4, 14, 37, 2, 18, 2, 6, 0, 3, 2, 1, 2, 0, NA, NA, NA, NA",2,108,121,18,13,NA,"1, 2, 3, 4, 1781, 1924, 1678, 1903, 1, 1, 1, 1, NA, NA, NA, NA, NA, NA, NA, NA","Mostly Sunny",18,"MOSTLY_SUNNY",9,4,0,0,0,0,0,18,1,8,1,0,2,1
"St Kilda Vs Gold Coast Suns",2022-04-16 03:45:00,"CONCLUDED","CD_M20220140504","CD_V190","2022-04-16T03:45:00","CD_T130","CD_T1000","CD_R202201405","2022-04-16T13:45:00","STK V GCFC","#AFLSaintsSuns","St Kilda",NA,"CD_T130","STK","Saints","Gold Coast Suns",NA,"CD_T1000","GCFC","Suns","Melbourne","Marvel Stadium","VIC","Australia/Melbourne","CD_V190","MRVL",NA,NA,NA,NA,"Round 5","2022","CD_R202201405","Rd 5","CD_S2022014",5,"CONCLUDED","CD_M20220140504",NA,NA,"2022-04-16T06:32:17.555+0000","1, 2, 3, 4, 29, 13, 26, 29, 4, 2, 4, 4, 5, 1, 2, 5, NA, NA, NA, NA",0,70,87,13,9,NA,"1, 2, 3, 4, 14, 37, 2, 18, 2, 6, 0, 3, 2, 1, 2, 0, NA, NA, NA, NA",3,22,61,9,7,NA,"1, 2, 3, 4, 1781, 1924, 1678, 1903, 1, 1, 1, 1, NA, NA, NA, NA, NA, NA, NA, NA","Sunny",27,"SUNNY",13,4,3,1,1,0,0,9,3,0,0,1,3,0
"Adelaide Crows Vs Richmond",2022-04-16 06:35:00,"CONCLUDED","CD_M20220140505","CD_V6","2022-04-16T06:35:00","CD_T10","CD_T120","CD_R202201405","2022-04-16T16:05:00","ADEL V RICH","#AFLCrowsTigers","Adelaide Crows",NA,"CD_T10","ADEL","Crows","Richmond",NA,"CD_T120","RICH","Tigers","Adelaide","Adelaide Oval","SA","Australia/Adelaide","CD_V6","AO",NA,NA,NA,NA,"Round 5","2022","CD_R202201405","Rd 5","CD_S2022014",5,"CONCLUDED","CD_M20220140505",NA,NA,"2022-04-16T09:28:08.594+0000","1, 2, 3, 4, 29, 13, 26, 29, 4, 2, 4, 4, 5, 1, 2, 5, NA, NA, NA, NA",4,89,101,15,11,NA,"1, 2, 3, 4, 14, 37, 2, 18, 2, 6, 0, 3, 2, 1, 2, 0, NA, NA, NA, NA",3,20,82,12,10,NA,"1, 2, 3, 4, 1781, 1924, 1678, 1903, 1, 1, 1, 1, NA, NA, NA, NA, NA, NA, NA, NA","Mostly Sunny",18,"MOSTLY_SUNNY",15,2,4,0,1,4,0,12,1,5,1,0,3,0
"Melbourne Vs GWS Giants",2022-04-16 09:25:00,"CONCLUDED","CD_M20220140506","CD_V40","2022-04-16T09:25:00","CD_T90","CD_T1010","CD_R202201405","2022-04-16T19:25:00","MELB V GWS","#AFLDeesGiants","Melbourne",NA,"CD_T90","MELB","Demons","GWS Giants",NA,"CD_T1010","GWS","Giants","Melbourne","MCG","VIC","Australia/Melbourne","CD_V40","MCG",NA,NA,NA,NA,"Round 5","2022","CD_R202201405","Rd 5","CD_S2022014",5,"CONCLUDED","CD_M20220140506",NA,NA,"2022-04-16T12:26:13.262+0000","1, 2, 3, 4, 29, 13, 26, 29, 4, 2, 4, 4, 5, 1, 2, 5, NA, NA, NA, NA",1,111,120,19,6,NA,"1, 2, 3, 4, 14, 37, 2, 18, 2, 6, 0, 3, 2, 1, 2, 0, NA, NA, NA, NA",4,1,53,7,11,NA,"1, 2, 3, 4, 1781, 1924, 1678, 1903, 1, 1, 1, 1, NA, NA, NA, NA, NA, NA, NA, NA","Sunny",27,"SUNNY",19,3,1,1,0,1,0,7,3,2,0,1,4,1
"Carlton Vs Port Adelaide",2022-04-17 03:40:00,"CONCLUDED","CD_M20220140507","CD_V40","2022-04-17T03:40:00","CD_T30","CD_T110","CD_R202201405","2022-04-17T13:40:00","CARL V PORT","#AFLBluesPower","Carlton",NA,"CD_T30","CARL","Blues","Port Adelaide",NA,"CD_T110","PORT","Power","Melbourne","MCG","VIC","Australia/Melbourne","CD_V40","MCG",NA,NA,NA,NA,"Round 5","2022","CD_R202201405","Rd 5","CD_S2022014",5,"CONCLUDED","CD_M20220140507",NA,NA,"2022-04-17T06:31:19.847+0000","1, 2, 3, 4, 29, 13, 26, 29, 4, 2, 4, 4, 5, 1, 2, 5, NA, NA, NA, NA",3,114,94,14,10,NA,"1, 2, 3, 4, 14, 37, 2, 18, 2, 6, 0, 3, 2, 1, 2, 0, NA, NA, NA, NA",4,0,91,13,13,NA,"1, 2, 3, 4, 1781, 1924, 1678, 1903, 1, 1, 1, 1, NA, NA, NA, NA, NA, NA, NA, NA","Mostly sunny Wind easing",28,"MOSTLY_SUNNY",14,2,4,0,0,3,1,13,4,5,0,0,4,0
"Essendon Vs Fremantle",2022-04-17 06:40:00,"CONCLUDED","CD_M20220140508","CD_V190","2022-04-17T06:40:00","CD_T50","CD_T60","CD_R202201405","2022-04-17T16:40:00","ESS V FRE","#AFLDonsFreo","Essendon",NA,"CD_T50","ESS","Bombers","Fremantle",NA,"CD_T60","FRE","Freo","Melbourne","Marvel Stadium","VIC","Australia/Melbourne","CD_V190","MRVL",NA,NA,NA,NA,"Round 5","2022","CD_R202201405","Rd 5","CD_S2022014",5,"CONCLUDED","CD_M20220140508",NA,NA,"2022-04-17T09:34:40.283+0000","1, 2, 3, 4, 29, 13, 26, 29, 4, 2, 4, 4, 5, 1, 2, 5, NA, NA, NA, NA",1,22,59,8,11,NA,"1, 2, 3, 4, 14, 37, 2, 18, 2, 6, 0, 3, 2, 1, 2, 0, NA, NA, NA, NA",1,86,107,16,11,NA,"1, 2, 3, 4, 1781, 1924, 1678, 1903, 1, 1, 1, 1, NA, NA, NA, NA, NA, NA, NA, NA","Mostly sunny Wind easing",28,"MOSTLY_SUNNY",8,2,5,0,3,1,0,16,8,1,1,0,1,0
"Hawthorn Vs Geelong Cats",2022-04-18 05:20:00,"CONCLUDED","CD_M20220140509","CD_V40","2022-04-18T05:20:00","CD_T80","CD_T70","CD_R202201405","2022-04-18T15:20:00","HAW V GEEL","#AFLHawksCats","Hawthorn",NA,"CD_T80","HAW","Hawks","Geelong Cats",NA,"CD_T70","GEEL","Cats","Melbourne","MCG","VIC","Australia/Melbourne","CD_V40","MCG",NA,NA,NA,NA,"Round 5","2022","CD_R202201405","Rd 5","CD_S2022014",5,"CONCLUDED","CD_M20220140509",NA,NA,"2022-04-18T08:21:09.128+0000","1, 2, 3, 4, 29, 13, 26, 29, 4, 2, 4, 4, 5, 1, 2, 5, NA, NA, NA, NA",2,83,92,14,8,NA,"1, 2, 3, 4, 14, 37, 2, 18, 2, 6, 0, 3, 2, 1, 2, 0, NA, NA, NA, NA",4,29,80,11,14,NA,"1, 2, 3, 4, 1781, 1924, 1678, 1903, 1, 1, 1, 1, NA, NA, NA, NA, NA, NA, NA, NA","Rain periods",19,"RAIN",14,1,3,1,1,2,0,11,4,3,2,1,4,0
"GWS Giants Vs St Kilda",2022-04-22 09:50:00,"CONCLUDED","CD_M20220140601","CD_V150","2022-04-22T09:50:00","CD_T1010","CD_T130","CD_R202201406","2022-04-22T19:50:00","GWS V STK","#AFLGiantsSaints","GWS Giants",NA,"CD_T1010","GWS","Giants","St Kilda",NA,"CD_T130","STK","Saints","Canberra","Manuka Oval","ACT","Australia/Canberra","CD_V150","MO",NA,NA,NA,NA,"Round 6","2022","CD_R202201406","Rd 6","CD_S2022014",6,"CONCLUDED","CD_M20220140601",NA,NA,"2022-04-22T12:59:51.049+0000","1, 2, 3, 4, 29, 13, 26, 29, 4, 2, 4, 4, 5, 1, 2, 5, NA, NA, NA, NA",1,31,60,8,12,NA,"1, 2, 3, 4, 14, 37, 2, 18, 2, 6, 0, 3, 2, 1, 2, 0, NA, NA, NA, NA",5,85,77,10,17,NA,"1, 2, 3, 4, 1781, 1924, 1678, 1903, 1, 1, 1, 1, NA, NA, NA, NA, NA, NA, NA, NA","Partly cloudy",18,"MOSTLY_SUNNY",8,3,5,2,1,1,0,10,7,2,0,1,5,2
"Western Bulldogs Vs Adelaide Crows",2022-04-23 03:45:00,"CONCLUDED","CD_M20220140602","CD_V313","2022-04-23T03:45:00","CD_T140","CD_T10","CD_R202201406","2022-04-23T13:45:00","WB V ADEL","#AFLDogsCrows","Western Bulldogs",NA,"CD_T140","WB","Bulldogs","Adelaide Crows",NA,"CD_T10","ADEL","Crows","Ballarat","Mars Stadium","VIC","Australia/Melbourne","CD_V313","MARS",NA,NA,NA,NA,"Round 6","2022","CD_R202201406","Rd 6","CD_S2022014",6,"CONCLUDED","CD_M20220140602",NA,NA,"2022-04-23T06:53:40.159+0000","1, 2, 3, 4, 29, 13, 26, 29, 4, 2, 4, 4, 5, 1, 2, 5, NA, NA, NA, NA",3,32,62,9,8,NA,"1, 2, 3, 4, 14, 37, 2, 18, 2, 6, 0, 3, 2, 1, 2, 0, NA, NA, NA, NA",3,62,63,8,15,NA,"1, 2, 3, 4, 1781, 1924, 1678, 1903, 1, 1, 1, 1, NA, NA, NA, NA, NA, NA, NA, NA","Partly cloudy",18,"MOSTLY_SUNNY",9,4,1,0,0,3,0,8,6,3,0,2,3,1
"Port Adelaide Vs West Coast Eagles",2022-04-23 06:35:00,"CONCLUDED","CD_M20220140603","CD_V6","2022-04-23T06:35:00","CD_T110","CD_T150","CD_R202201406","2022-04-23T16:05:00","PORT V WCE","#AFLPowerEagles","Port Adelaide",NA,"CD_T110","PORT","Power","West Coast Eagles",NA,"CD_T150","WCE","Eagles","Adelaide","Adelaide Oval","SA","Australia/Adelaide","CD_V6","AO",NA,NA,NA,NA,"Round 6","2022","CD_R202201406","Rd 6","CD_S2022014",6,"CONCLUDED","CD_M20220140603",NA,NA,"2022-04-23T09:34:42.351+0000","1, 2, 3, 4, 29, 13, 26, 29, 4, 2, 4, 4, 5, 1, 2, 5, NA, NA, NA, NA",1,93,117,18,9,NA,"1, 2, 3, 4, 14, 37, 2, 18, 2, 6, 0, 3, 2, 1, 2, 0, NA, NA, NA, NA",1,20,33,4,9,NA,"1, 2, 3, 4, 1781, 1924, 1678, 1903, 1, 1, 1, 1, NA, NA, NA, NA, NA, NA, NA, NA","Mostly Sunny",18,"MOSTLY_SUNNY",18,0,6,2,0,1,0,4,2,4,2,0,1,0
"Fremantle Vs Carlton",2022-04-23 09:40:00,"CONCLUDED","CD_M20220140604","CD_V2925","2022-04-23T09:40:00","CD_T60","CD_T30","CD_R202201406","2022-04-23T17:40:00","FRE V CARL","#AFLFreoBlues","Fremantle",NA,"CD_T60","FRE","Freo","Carlton",NA,"CD_T30","CARL","Blues","Perth","Optus Stadium","WA","Australia/Perth","CD_V2925","OS",NA,NA,NA,NA,"Round 6","2022","CD_R202201406","Rd 6","CD_S2022014",6,"CONCLUDED","CD_M20220140604",NA,NA,"2022-04-23T12:36:58.967+0000","1, 2, 3, 4, 29, 13, 26, 29, 4, 2, 4, 4, 5, 1, 2, 5, NA, NA, NA, NA",4,89,97,14,13,NA,"1, 2, 3, 4, 14, 37, 2, 18, 2, 6, 0, 3, 2, 1, 2, 0, NA, NA, NA, NA",2,28,62,9,8,NA,"1, 2, 3, 4, 1781, 1924, 1678, 1903, 1, 1, 1, 1, NA, NA, NA, NA, NA, NA, NA, NA","Mostly Sunny",18,"MOSTLY_SUNNY",14,4,3,1,1,4,0,9,3,2,1,0,2,0
"North Melbourne Vs Geelong Cats",2022-04-24 03:10:00,"CONCLUDED","CD_M20220140605","CD_V2","2022-04-24T03:10:00","CD_T100","CD_T70","CD_R202201406","2022-04-24T13:10:00","NMFC V GEEL","#AFLNorthCats","North Melbourne",NA,"CD_T100","NMFC","Kangaroos","Geelong Cats",NA,"CD_T70","GEEL","Cats","Hobart","Blundstone Arena","TAS","Australia/Hobart","CD_V2","BA",NA,NA,NA,NA,"Round 6","2022","CD_R202201406","Rd 6","CD_S2022014",6,"CONCLUDED","CD_M20220140605",NA,NA,"2022-04-24T06:14:03.507+0000","1, 2, 3, 4, 29, 13, 26, 29, 4, 2, 4, 4, 5, 1, 2, 5, NA, NA, NA, NA",0,0,61,9,7,NA,"1, 2, 3, 4, 14, 37, 2, 18, 2, 6, 0, 3, 2, 1, 2, 0, NA, NA, NA, NA",3,118,121,17,19,NA,"1, 2, 3, 4, 1781, 1924, 1678, 1903, 1, 1, 1, 1, NA, NA, NA, NA, NA, NA, NA, NA","Partly cloudy",19,"MOSTLY_SUNNY",9,2,3,0,1,0,1,17,3,9,2,1,3,1
"Gold Coast Suns Vs Brisbane Lions",2022-04-24 06:10:00,"CONCLUDED","CD_M20220140606","CD_V81","2022-04-24T06:10:00","CD_T1000","CD_T20","CD_R202201406","2022-04-24T16:10:00","GCFC V BL","#AFLSunsLions","Gold Coast Suns",NA,"CD_T1000","GCFC","Suns","Brisbane Lions",NA,"CD_T20","BL","Lions","Gold Coast","Metricon Stadium","QLD","Australia/Brisbane","CD_V81","MS",NA,NA,NA,NA,"Round 6","2022","CD_R202201406","Rd 6","CD_S2022014",6,"CONCLUDED","CD_M20220140606",NA,NA,"2022-04-24T09:08:50.080+0000","1, 2, 3, 4, 29, 13, 26, 29, 4, 2, 4, 4, 5, 1, 2, 5, NA, NA, NA, NA",4,0,80,11,14,NA,"1, 2, 3, 4, 14, 37, 2, 18, 2, 6, 0, 3, 2, 1, 2, 0, NA, NA, NA, NA",1,127,132,21,6,NA,"1, 2, 3, 4, 1781, 1924, 1678, 1903, 1, 1, 1, 1, NA, NA, NA, NA, NA, NA, NA, NA","Showers",24,"RAIN",11,6,3,0,0,4,1,21,2,1,0,2,1,0
"Richmond Vs Melbourne",2022-04-24 09:25:00,"CONCLUDED","CD_M20220140607","CD_V40","2022-04-24T09:25:00","CD_T120","CD_T90","CD_R202201406","2022-04-24T19:25:00","RICH V MELB","#AFLTigersDees","Richmond",NA,"CD_T120","RICH","Tigers","Melbourne",NA,"CD_T90","MELB","Demons","Melbourne","MCG","VIC","Australia/Melbourne","CD_V40","MCG",NA,NA,NA,NA,"Round 6","2022","CD_R202201406","Rd 6","CD_S2022014",6,"CONCLUDED","CD_M20220140607",NA,NA,"2022-04-24T12:18:31.913+0000","1, 2, 3, 4, 29, 13, 26, 29, 4, 2, 4, 4, 5, 1, 2, 5, NA, NA, NA, NA",1,43,54,8,6,NA,"1, 2, 3, 4, 14, 37, 2, 18, 2, 6, 0, 3, 2, 1, 2, 0, NA, NA, NA, NA",3,67,76,9,22,NA,"1, 2, 3, 4, 1781, 1924, 1678, 1903, 1, 1, 1, 1, NA, NA, NA, NA, NA, NA, NA, NA","Becoming mostly sunny",19,"MOSTLY_SUNNY",8,1,2,2,0,1,0,9,6,10,2,0,3,1
"Hawthorn Vs Sydney Swans",2022-04-25 02:30:00,"CONCLUDED","CD_M20220140608","CD_V200","2022-04-25T02:30:00","CD_T80","CD_T160","CD_R202201406","2022-04-25T12:30:00","HAW V SYD","#AFLHawksSwans","Hawthorn",NA,"CD_T80","HAW","Hawks","Sydney Swans",NA,"CD_T160","SYD","Swans","Launceston","University of Tasmania Stadium","TAS","Australia/Hobart","CD_V200","UTAS",NA,NA,NA,NA,"Round 6","2022","CD_R202201406","Rd 6","CD_S2022014",6,"CONCLUDED","CD_M20220140608",NA,NA,"2022-04-25T05:27:02.837+0000","1, 2, 3, 4, 29, 13, 26, 29, 4, 2, 4, 4, 5, 1, 2, 5, NA, NA, NA, NA",2,95,68,10,8,NA,"1, 2, 3, 4, 14, 37, 2, 18, 2, 6, 0, 3, 2, 1, 2, 0, NA, NA, NA, NA",2,18,109,16,13,NA,"1, 2, 3, 4, 1781, 1924, 1678, 1903, 1, 1, 1, 1, NA, NA, NA, NA, NA, NA, NA, NA","Morning fog",20,"OVERCAST",10,2,3,0,1,2,0,16,8,3,0,0,2,0
"Essendon Vs Collingwood",2022-04-25 05:20:00,"CONCLUDED","CD_M20220140609","CD_V40","2022-04-25T05:20:00","CD_T50","CD_T40","CD_R202201406","2022-04-25T15:20:00","ESS V COLL","#AFLDonsPies","Essendon",NA,"CD_T50","ESS","Bombers","Collingwood",NA,"CD_T40","COLL","Magpies","Melbourne","MCG","VIC","Australia/Melbourne","CD_V40","MCG",NA,NA,NA,NA,"Round 6","2022","CD_R202201406","Rd 6","CD_S2022014",6,"CONCLUDED","CD_M20220140609",NA,NA,"2022-04-25T08:16:19.768+0000","1, 2, 3, 4, 29, 13, 26, 29, 4, 2, 4, 4, 5, 1, 2, 5, NA, NA, NA, NA",3,9,82,12,10,NA,"1, 2, 3, 4, 14, 37, 2, 18, 2, 6, 0, 3, 2, 1, 2, 0, NA, NA, NA, NA",1,95,93,15,3,NA,"1, 2, 3, 4, 1781, 1924, 1678, 1903, 1, 1, 1, 1, NA, NA, NA, NA, NA, NA, NA, NA","Partly cloudy",21,"MOSTLY_SUNNY",12,2,4,1,0,3,0,15,1,1,0,0,1,0
"West Coast Eagles Vs Richmond",2022-04-29 10:10:00,"CONCLUDED","CD_M20220140701","CD_V2925","2022-04-29T10:10:00","CD_T150","CD_T120","CD_R202201407","2022-04-29T18:10:00","WCE V RICH","#AFLEaglesTigers","West Coast Eagles",NA,"CD_T150","WCE","Eagles","Richmond",NA,"CD_T120","RICH","Tigers","Perth","Optus Stadium","WA","Australia/Perth","CD_V2925","OS",NA,NA,NA,NA,"Round 7","2022","CD_R202201407","Rd 7","CD_S2022014",7,"CONCLUDED","CD_M20220140701",NA,NA,"2022-04-29T13:10:33.311+0000","1, 2, 3, 4, 29, 13, 26, 29, 4, 2, 4, 4, 5, 1, 2, 5, NA, NA, NA, NA",1,0,56,8,8,NA,"1, 2, 3, 4, 14, 37, 2, 18, 2, 6, 0, 3, 2, 1, 2, 0, NA, NA, NA, NA",4,117,165,25,15,NA,"1, 2, 3, 4, 1781, 1924, 1678, 1903, 1, 1, 1, 1, NA, NA, NA, NA, NA, NA, NA, NA","Mostly Sunny",18,"MOSTLY_SUNNY",8,1,3,1,2,1,0,25,5,4,2,0,4,0
"Geelong Cats Vs Fremantle",2022-04-30 03:45:00,"CONCLUDED","CD_M20220140702","CD_V30","2022-04-30T03:45:00","CD_T70","CD_T60","CD_R202201407","2022-04-30T13:45:00","GEEL V FRE","#AFLCatsFreo","Geelong Cats",NA,"CD_T70","GEEL","Cats","Fremantle",NA,"CD_T60","FRE","Freo","Geelong","GMHBA Stadium","VIC","Australia/Melbourne","CD_V30","GMHBA",NA,NA,NA,NA,"Round 7","2022","CD_R202201407","Rd 7","CD_S2022014",7,"CONCLUDED","CD_M20220140702",NA,NA,"2022-04-30T06:47:29.951+0000","1, 2, 3, 4, 29, 13, 26, 29, 4, 2, 4, 4, 5, 1, 2, 5, NA, NA, NA, NA",2,48,66,10,6,NA,"1, 2, 3, 4, 14, 37, 2, 18, 2, 6, 0, 3, 2, 1, 2, 0, NA, NA, NA, NA",3,57,69,10,9,NA,"1, 2, 3, 4, 1781, 1924, 1678, 1903, 1, 1, 1, 1, NA, NA, NA, NA, NA, NA, NA, NA","Partly cloudy",18,"MOSTLY_SUNNY",10,2,1,0,1,2,0,10,2,1,1,2,3,0
"Adelaide Crows Vs GWS Giants",2022-04-30 04:10:00,"CONCLUDED","CD_M20220140703","CD_V6","2022-04-30T04:10:00","CD_T10","CD_T1010","CD_R202201407","2022-04-30T13:40:00","ADEL V GWS","#AFLCrowsGiants","Adelaide Crows",NA,"CD_T10","ADEL","Crows","GWS Giants",NA,"CD_T1010","GWS","Giants","Adelaide","Adelaide Oval","SA","Australia/Adelaide","CD_V6","AO",NA,NA,NA,NA,"Round 7","2022","CD_R202201407","Rd 7","CD_S2022014",7,"CONCLUDED","CD_M20220140703",NA,NA,"2022-04-30T07:05:39.092+0000","1, 2, 3, 4, 29, 13, 26, 29, 4, 2, 4, 4, 5, 1, 2, 5, NA, NA, NA, NA",0,0,54,8,6,NA,"1, 2, 3, 4, 14, 37, 2, 18, 2, 6, 0, 3, 2, 1, 2, 0, NA, NA, NA, NA",3,120,113,17,11,NA,"1, 2, 3, 4, 1781, 1924, 1678, 1903, 1, 1, 1, 1, NA, NA, NA, NA, NA, NA, NA, NA","Mostly Sunny",18,"MOSTLY_SUNNY",8,1,3,2,0,0,0,17,5,3,0,0,3,0
"Melbourne Vs Hawthorn",2022-04-30 06:35:00,"CONCLUDED","CD_M20220140704","CD_V40","2022-04-30T06:35:00","CD_T90","CD_T80","CD_R202201407","2022-04-30T16:35:00","MELB V HAW","#AFLDeesHawks","Melbourne",NA,"CD_T90","MELB","Demons","Hawthorn",NA,"CD_T80","HAW","Hawks","Melbourne","MCG","VIC","Australia/Melbourne","CD_V40","MCG",NA,NA,NA,NA,"Round 7","2022","CD_R202201407","Rd 7","CD_S2022014",7,"CONCLUDED","CD_M20220140704",NA,NA,"2022-04-30T09:34:23.451+0000","1, 2, 3, 4, 29, 13, 26, 29, 4, 2, 4, 4, 5, 1, 2, 5, NA, NA, NA, NA",4,84,91,13,13,NA,"1, 2, 3, 4, 14, 37, 2, 18, 2, 6, 0, 3, 2, 1, 2, 0, NA, NA, NA, NA",4,28,81,11,15,NA,"1, 2, 3, 4, 1781, 1924, 1678, 1903, 1, 1, 1, 1, NA, NA, NA, NA, NA, NA, NA, NA","Partly cloudy",18,"MOSTLY_SUNNY",13,3,5,1,0,4,0,11,2,8,0,0,4,1
"St Kilda Vs Port Adelaide",2022-04-30 09:25:00,"CONCLUDED","CD_M20220140705","CD_V181","2022-04-30T09:25:00","CD_T130","CD_T110","CD_R202201407","2022-04-30T19:25:00","STK V PORT","#AFLSaintsPower","St Kilda",NA,"CD_T130","STK","Saints","Port Adelaide",NA,"CD_T110","PORT","Power","Cairns","Cazalys Stadium","QLD","Australia/Brisbane","CD_V181","CS",NA,NA,NA,NA,"Round 7","2022","CD_R202201407","Rd 7","CD_S2022014",7,"CONCLUDED","CD_M20220140705",NA,NA,"2022-04-30T12:11:23.126+0000","1, 2, 3, 4, 29, 13, 26, 29, 4, 2, 4, 4, 5, 1, 2, 5, NA, NA, NA, NA",4,85,42,4,18,NA,"1, 2, 3, 4, 14, 37, 2, 18, 2, 6, 0, 3, 2, 1, 2, 0, NA, NA, NA, NA",2,14,43,5,13,NA,"1, 2, 3, 4, 1781, 1924, 1678, 1903, 1, 1, 1, 1, NA, NA, NA, NA, NA, NA, NA, NA","Shower or two",29,"RAIN",4,7,6,1,0,4,0,5,3,8,0,0,2,0
"Carlton Vs North Melbourne",2022-04-30 09:25:00,"CONCLUDED","CD_M20220140706","CD_V190","2022-04-30T09:25:00","CD_T30","CD_T100","CD_R202201407","2022-04-30T19:25:00","CARL V NMFC","#AFLBluesNorth","Carlton",NA,"CD_T30","CARL","Blues","North Melbourne",NA,"CD_T100","NMFC","Kangaroos","Melbourne","Marvel Stadium","VIC","Australia/Melbourne","CD_V190","MRVL",NA,NA,NA,NA,"Round 7","2022","CD_R202201407","Rd 7","CD_S2022014",7,"CONCLUDED","CD_M20220140706",NA,NA,"2022-04-30T12:16:20.890+0000","1, 2, 3, 4, 29, 13, 26, 29, 4, 2, 4, 4, 5, 1, 2, 5, NA, NA, NA, NA",1,110,114,17,12,NA,"1, 2, 3, 4, 14, 37, 2, 18, 2, 6, 0, 3, 2, 1, 2, 0, NA, NA, NA, NA",0,3,64,10,4,NA,"1, 2, 3, 4, 1781, 1924, 1678, 1903, 1, 1, 1, 1, NA, NA, NA, NA, NA, NA, NA, NA","Partly cloudy",18,"MOSTLY_SUNNY",17,7,2,2,0,1,0,10,2,0,1,0,0,1
"Collingwood Vs Gold Coast Suns",2022-05-01 03:10:00,"CONCLUDED","CD_M20220140707","CD_V40","2022-05-01T03:10:00","CD_T40","CD_T1000","CD_R202201407","2022-05-01T13:10:00","COLL V GCFC","#AFLPiesSuns","Collingwood",NA,"CD_T40","COLL","Magpies","Gold Coast Suns",NA,"CD_T1000","GCFC","Suns","Melbourne","MCG","VIC","Australia/Melbourne","CD_V40","MCG",NA,NA,NA,NA,"Round 7","2022","CD_R202201407","Rd 7","CD_S2022014",7,"CONCLUDED","CD_M20220140707",NA,NA,"2022-05-01T06:03:08.904+0000","1, 2, 3, 4, 29, 13, 26, 29, 4, 2, 4, 4, 5, 1, 2, 5, NA, NA, NA, NA",4,108,115,17,13,NA,"1, 2, 3, 4, 14, 37, 2, 18, 2, 6, 0, 3, 2, 1, 2, 0, NA, NA, NA, NA",0,7,90,14,6,NA,"1, 2, 3, 4, 1781, 1924, 1678, 1903, 1, 1, 1, 1, NA, NA, NA, NA, NA, NA, NA, NA","Partly cloudy",20,"MOSTLY_SUNNY",17,3,4,1,0,4,1,14,4,2,0,0,0,0
"Western Bulldogs Vs Essendon",2022-05-01 05:20:00,"CONCLUDED","CD_M20220140708","CD_V190","2022-05-01T05:20:00","CD_T140","CD_T50","CD_R202201407","2022-05-01T15:20:00","WB V ESS","#AFLDogsDons","Western Bulldogs",NA,"CD_T140","WB","Bulldogs","Essendon",NA,"CD_T50","ESS","Bombers","Melbourne","Marvel Stadium","VIC","Australia/Melbourne","CD_V190","MRVL",NA,NA,NA,NA,"Round 7","2022","CD_R202201407","Rd 7","CD_S2022014",7,"CONCLUDED","CD_M20220140708",NA,NA,"2022-05-01T08:06:37.500+0000","1, 2, 3, 4, 29, 13, 26, 29, 4, 2, 4, 4, 5, 1, 2, 5, NA, NA, NA, NA",1,96,103,16,7,NA,"1, 2, 3, 4, 14, 37, 2, 18, 2, 6, 0, 3, 2, 1, 2, 0, NA, NA, NA, NA",3,10,71,10,11,NA,"1, 2, 3, 4, 1781, 1924, 1678, 1903, 1, 1, 1, 1, NA, NA, NA, NA, NA, NA, NA, NA","Partly cloudy",20,"MOSTLY_SUNNY",16,3,1,2,0,1,0,10,5,3,0,0,3,0
"Sydney Swans Vs Brisbane Lions",2022-05-01 06:40:00,"CONCLUDED","CD_M20220140709","CD_V60","2022-05-01T06:40:00","CD_T160","CD_T20","CD_R202201407","2022-05-01T16:40:00","SYD V BL","#AFLSwansLions","Sydney Swans",NA,"CD_T160","SYD","Swans","Brisbane Lions",NA,"CD_T20","BL","Lions","Sydney","SCG","NSW","Australia/Sydney","CD_V60","SCG",NA,NA,NA,NA,"Round 7","2022","CD_R202201407","Rd 7","CD_S2022014",7,"CONCLUDED","CD_M20220140709",NA,NA,"2022-05-01T09:47:24.510+0000","1, 2, 3, 4, 29, 13, 26, 29, 4, 2, 4, 4, 5, 1, 2, 5, NA, NA, NA, NA",3,3,89,13,11,NA,"1, 2, 3, 4, 14, 37, 2, 18, 2, 6, 0, 3, 2, 1, 2, 0, NA, NA, NA, NA",1,124,113,17,11,NA,"1, 2, 3, 4, 1781, 1924, 1678, 1903, 1, 1, 1, 1, NA, NA, NA, NA, NA, NA, NA, NA","Possible shower",22,"RAIN",13,4,2,2,0,3,0,17,2,5,1,2,1,0
"Port Adelaide Vs Western Bulldogs",2022-05-06 09:30:00,"CONCLUDED","CD_M20220140801","CD_V6","2022-05-06T09:30:00","CD_T110","CD_T140","CD_R202201408","2022-05-06T19:00:00","PORT V WB","#AFLPowerDogs","Port Adelaide",NA,"CD_T110","PORT","Power","Western Bulldogs",NA,"CD_T140","WB","Bulldogs","Adelaide","Adelaide Oval","SA","Australia/Adelaide","CD_V6","AO",NA,NA,NA,NA,"Round 8","2022","CD_R202201408","Rd 8","CD_S2022014",8,"CONCLUDED","CD_M20220140801",NA,NA,"2022-05-06T12:21:43.081+0000","1, 2, 3, 4, 29, 13, 26, 29, 4, 2, 4, 4, 5, 1, 2, 5, NA, NA, NA, NA",1,91,86,12,14,NA,"1, 2, 3, 4, 14, 37, 2, 18, 2, 6, 0, 3, 2, 1, 2, 0, NA, NA, NA, NA",1,24,69,10,9,NA,"1, 2, 3, 4, 1781, 1924, 1678, 1903, 1, 1, 1, 1, NA, NA, NA, NA, NA, NA, NA, NA","Mostly Sunny",18,"MOSTLY_SUNNY",12,3,6,3,1,1,0,10,3,2,0,2,1,1
"Fremantle Vs North Melbourne",2022-05-06 10:40:00,"CONCLUDED","CD_M20220140802","CD_V2925","2022-05-06T10:40:00","CD_T60","CD_T100","CD_R202201408","2022-05-06T18:40:00","FRE V NMFC","#AFLFreoNorth","Fremantle",NA,"CD_T60","FRE","Freo","North Melbourne",NA,"CD_T100","NMFC","Kangaroos","Perth","Optus Stadium","WA","Australia/Perth","CD_V2925","OS",NA,NA,NA,NA,"Round 8","2022","CD_R202201408","Rd 8","CD_S2022014",8,"CONCLUDED","CD_M20220140802",NA,NA,"2022-05-06T13:32:42.253+0000","1, 2, 3, 4, 29, 13, 26, 29, 4, 2, 4, 4, 5, 1, 2, 5, NA, NA, NA, NA",3,113,102,15,12,NA,"1, 2, 3, 4, 14, 37, 2, 18, 2, 6, 0, 3, 2, 1, 2, 0, NA, NA, NA, NA",2,0,24,3,6,NA,"1, 2, 3, 4, 1781, 1924, 1678, 1903, 1, 1, 1, 1, NA, NA, NA, NA, NA, NA, NA, NA","Mostly Sunny",18,"MOSTLY_SUNNY",15,2,6,0,1,3,0,3,3,1,0,0,2,0
"Richmond Vs Collingwood",2022-05-07 03:45:00,"CONCLUDED","CD_M20220140803","CD_V40","2022-05-07T03:45:00","CD_T120","CD_T40","CD_R202201408","2022-05-07T13:45:00","RICH V COLL","#AFLTigersPies","Richmond",NA,"CD_T120","RICH","Tigers","Collingwood",NA,"CD_T40","COLL","Magpies","Melbourne","MCG","VIC","Australia/Melbourne","CD_V40","MCG",NA,NA,NA,NA,"Round 8","2022","CD_R202201408","Rd 8","CD_S2022014",8,"CONCLUDED","CD_M20220140803",NA,NA,"2022-05-07T06:36:40.520+0000","1, 2, 3, 4, 29, 13, 26, 29, 4, 2, 4, 4, 5, 1, 2, 5, NA, NA, NA, NA",4,103,113,17,11,NA,"1, 2, 3, 4, 14, 37, 2, 18, 2, 6, 0, 3, 2, 1, 2, 0, NA, NA, NA, NA",1,1,86,12,14,NA,"1, 2, 3, 4, 1781, 1924, 1678, 1903, 1, 1, 1, 1, NA, NA, NA, NA, NA, NA, NA, NA","Shower or two",15,"RAIN",17,3,4,0,0,4,0,12,6,3,3,1,1,0
"Sydney Swans Vs Gold Coast Suns",2022-05-07 03:45:00,"CONCLUDED","CD_M20220140804","CD_V60","2022-05-07T03:45:00","CD_T160","CD_T1000","CD_R202201408","2022-05-07T13:45:00","SYD V GCFC","#AFLSwansSuns","Sydney Swans",NA,"CD_T160","SYD","Swans","Gold Coast Suns",NA,"CD_T1000","GCFC","Suns","Sydney","SCG","NSW","Australia/Sydney","CD_V60","SCG",NA,NA,NA,NA,"Round 8","2022","CD_R202201408","Rd 8","CD_S2022014",8,"CONCLUDED","CD_M20220140804",NA,NA,"2022-05-07T06:37:17.754+0000","1, 2, 3, 4, 29, 13, 26, 29, 4, 2, 4, 4, 5, 1, 2, 5, NA, NA, NA, NA",2,0,61,8,13,NA,"1, 2, 3, 4, 14, 37, 2, 18, 2, 6, 0, 3, 2, 1, 2, 0, NA, NA, NA, NA",2,113,75,10,15,NA,"1, 2, 3, 4, 1781, 1924, 1678, 1903, 1, 1, 1, 1, NA, NA, NA, NA, NA, NA, NA, NA","Sunny",20,"SUNNY",8,3,6,2,0,2,0,10,6,6,0,0,2,1
"GWS Giants Vs Geelong Cats",2022-05-07 06:35:00,"CONCLUDED","CD_M20220140805","CD_V150","2022-05-07T06:35:00","CD_T1010","CD_T70","CD_R202201408","2022-05-07T16:35:00","GWS V GEEL","#AFLGiantsCats","GWS Giants",NA,"CD_T1010","GWS","Giants","Geelong Cats",NA,"CD_T70","GEEL","Cats","Canberra","Manuka Oval","ACT","Australia/Canberra","CD_V150","MO",NA,NA,NA,NA,"Round 8","2022","CD_R202201408","Rd 8","CD_S2022014",8,"CONCLUDED","CD_M20220140805",NA,NA,"2022-05-07T09:26:39.791+0000","1, 2, 3, 4, 29, 13, 26, 29, 4, 2, 4, 4, 5, 1, 2, 5, NA, NA, NA, NA",0,0,35,4,11,NA,"1, 2, 3, 4, 14, 37, 2, 18, 2, 6, 0, 3, 2, 1, 2, 0, NA, NA, NA, NA",1,107,88,12,16,NA,"1, 2, 3, 4, 1781, 1924, 1678, 1903, 1, 1, 1, 1, NA, NA, NA, NA, NA, NA, NA, NA","Partly cloudy",13,"MOSTLY_SUNNY",4,4,6,0,1,0,0,12,8,5,0,2,1,0
"Essendon Vs Hawthorn",2022-05-07 09:25:00,"CONCLUDED","CD_M20220140806","CD_V190","2022-05-07T09:25:00","CD_T50","CD_T80","CD_R202201408","2022-05-07T19:25:00","ESS V HAW","#AFLDonsHawks","Essendon",NA,"CD_T50","ESS","Bombers","Hawthorn",NA,"CD_T80","HAW","Hawks","Melbourne","Marvel Stadium","VIC","Australia/Melbourne","CD_V190","MRVL",NA,NA,NA,NA,"Round 8","2022","CD_R202201408","Rd 8","CD_S2022014",8,"CONCLUDED","CD_M20220140806",NA,NA,"2022-05-07T12:18:41.698+0000","1, 2, 3, 4, 29, 13, 26, 29, 4, 2, 4, 4, 5, 1, 2, 5, NA, NA, NA, NA",1,27,108,16,12,NA,"1, 2, 3, 4, 14, 37, 2, 18, 2, 6, 0, 3, 2, 1, 2, 0, NA, NA, NA, NA",1,93,81,11,15,NA,"1, 2, 3, 4, 1781, 1924, 1678, 1903, 1, 1, 1, 1, NA, NA, NA, NA, NA, NA, NA, NA","Shower or two",15,"RAIN",16,2,7,1,0,1,1,11,10,3,0,1,1,0
"Brisbane Lions Vs West Coast Eagles",2022-05-07 09:25:00,"CONCLUDED","CD_M20220140807","CD_V20","2022-05-07T09:25:00","CD_T20","CD_T150","CD_R202201408","2022-05-07T19:25:00","BL V WCE","#AFLLionsEagles","Brisbane Lions",NA,"CD_T20","BL","Lions","West Coast Eagles",NA,"CD_T150","WCE","Eagles","Brisbane","Gabba","QLD","Australia/Brisbane","CD_V20","G",NA,NA,NA,NA,"Round 8","2022","CD_R202201408","Rd 8","CD_S2022014",8,"CONCLUDED","CD_M20220140807",NA,NA,"2022-05-07T12:10:43.287+0000","1, 2, 3, 4, 29, 13, 26, 29, 4, 2, 4, 4, 5, 1, 2, 5, NA, NA, NA, NA",0,108,105,16,9,NA,"1, 2, 3, 4, 14, 37, 2, 18, 2, 6, 0, 3, 2, 1, 2, 0, NA, NA, NA, NA",0,0,30,4,6,NA,"1, 2, 3, 4, 1781, 1924, 1678, 1903, 1, 1, 1, 1, NA, NA, NA, NA, NA, NA, NA, NA","Showers",24,"RAIN",16,5,3,1,0,0,0,4,1,2,1,1,0,1
"Melbourne Vs St Kilda",2022-05-08 03:10:00,"CONCLUDED","CD_M20220140808","CD_V40","2022-05-08T03:10:00","CD_T90","CD_T130","CD_R202201408","2022-05-08T13:10:00","MELB V STK","#AFLDeesSaints","Melbourne",NA,"CD_T90","MELB","Demons","St Kilda",NA,"CD_T130","STK","Saints","Melbourne","MCG","VIC","Australia/Melbourne","CD_V40","MCG",NA,NA,NA,NA,"Round 8","2022","CD_R202201408","Rd 8","CD_S2022014",8,"CONCLUDED","CD_M20220140808",NA,NA,"2022-05-08T05:55:22.919+0000","1, 2, 3, 4, 29, 13, 26, 29, 4, 2, 4, 4, 5, 1, 2, 5, NA, NA, NA, NA",2,112,93,14,9,NA,"1, 2, 3, 4, 14, 37, 2, 18, 2, 6, 0, 3, 2, 1, 2, 0, NA, NA, NA, NA",0,0,55,8,7,NA,"1, 2, 3, 4, 1781, 1924, 1678, 1903, 1, 1, 1, 1, NA, NA, NA, NA, NA, NA, NA, NA","Possible morning shower",16,"RAIN",14,3,2,1,1,2,0,8,1,5,0,0,0,1
"Carlton Vs Adelaide Crows",2022-05-08 06:40:00,"CONCLUDED","CD_M20220140809","CD_V190","2022-05-08T06:40:00","CD_T30","CD_T10","CD_R202201408","2022-05-08T16:40:00","CARL V ADEL","#AFLBluesCrows","Carlton",NA,"CD_T30","CARL","Blues","Adelaide Crows",NA,"CD_T10","ADEL","Crows","Melbourne","Marvel Stadium","VIC","Australia/Melbourne","CD_V190","MRVL",NA,NA,NA,NA,"Round 8","2022","CD_R202201408","Rd 8","CD_S2022014",8,"CONCLUDED","CD_M20220140809",NA,NA,"2022-05-08T09:31:20.654+0000","1, 2, 3, 4, 29, 13, 26, 29, 4, 2, 4, 4, 5, 1, 2, 5, NA, NA, NA, NA",1,100,116,17,14,NA,"1, 2, 3, 4, 14, 37, 2, 18, 2, 6, 0, 3, 2, 1, 2, 0, NA, NA, NA, NA",1,10,68,10,8,NA,"1, 2, 3, 4, 1781, 1924, 1678, 1903, 1, 1, 1, 1, NA, NA, NA, NA, NA, NA, NA, NA","Possible morning shower",16,"RAIN",17,5,5,2,1,1,0,10,3,2,2,0,1,0
"Collingwood Vs Western Bulldogs",2022-05-13 09:50:00,"CONCLUDED","CD_M20220140901","CD_V190","2022-05-13T09:50:00","CD_T40","CD_T140","CD_R202201409","2022-05-13T19:50:00","COLL V WB","#AFLPiesDogs","Collingwood",NA,"CD_T40","COLL","Magpies","Western Bulldogs",NA,"CD_T140","WB","Bulldogs","Melbourne","Marvel Stadium","VIC","Australia/Melbourne","CD_V190","MRVL",NA,NA,NA,NA,"Round 9","2022","CD_R202201409","Rd 9","CD_S2022014",9,"CONCLUDED","CD_M20220140901",NA,NA,"2022-05-13T12:47:32.482+0000","1, 2, 3, 4, 29, 13, 26, 29, 4, 2, 4, 4, 5, 1, 2, 5, NA, NA, NA, NA",2,0,51,7,9,NA,"1, 2, 3, 4, 14, 37, 2, 18, 2, 6, 0, 3, 2, 1, 2, 0, NA, NA, NA, NA",4,117,99,14,15,NA,"1, 2, 3, 4, 1781, 1924, 1678, 1903, 1, 1, 1, 1, NA, NA, NA, NA, NA, NA, NA, NA","Possible shower",19,"RAIN",7,3,2,1,1,2,0,14,5,4,1,0,4,1
"Hawthorn Vs Richmond",2022-05-14 03:45:00,"CONCLUDED","CD_M20220140902","CD_V40","2022-05-14T03:45:00","CD_T80","CD_T120","CD_R202201409","2022-05-14T13:45:00","HAW V RICH","#AFLHawksTigers","Hawthorn",NA,"CD_T80","HAW","Hawks","Richmond",NA,"CD_T120","RICH","Tigers","Melbourne","MCG","VIC","Australia/Melbourne","CD_V40","MCG",NA,NA,NA,NA,"Round 9","2022","CD_R202201409","Rd 9","CD_S2022014",9,"CONCLUDED","CD_M20220140902",NA,NA,"2022-05-14T06:45:17.065+0000","1, 2, 3, 4, 29, 13, 26, 29, 4, 2, 4, 4, 5, 1, 2, 5, NA, NA, NA, NA",3,37,94,14,10,NA,"1, 2, 3, 4, 14, 37, 2, 18, 2, 6, 0, 3, 2, 1, 2, 0, NA, NA, NA, NA",2,81,117,17,15,NA,"1, 2, 3, 4, 1781, 1924, 1678, 1903, 1, 1, 1, 1, NA, NA, NA, NA, NA, NA, NA, NA","Shower or two",20,"RAIN",14,4,1,1,1,3,0,17,4,6,2,1,2,0
"North Melbourne Vs Port Adelaide",2022-05-14 04:10:00,"CONCLUDED","CD_M20220140903","CD_V2","2022-05-14T04:10:00","CD_T100","CD_T110","CD_R202201409","2022-05-14T14:10:00","NMFC V PORT","#AFLNorthPower","North Melbourne",NA,"CD_T100","NMFC","Kangaroos","Port Adelaide",NA,"CD_T110","PORT","Power","Hobart","Blundstone Arena","TAS","Australia/Hobart","CD_V2","BA",NA,NA,NA,NA,"Round 9","2022","CD_R202201409","Rd 9","CD_S2022014",9,"CONCLUDED","CD_M20220140903",NA,NA,"2022-05-14T07:17:07.756+0000","1, 2, 3, 4, 29, 13, 26, 29, 4, 2, 4, 4, 5, 1, 2, 5, NA, NA, NA, NA",2,0,46,6,10,NA,"1, 2, 3, 4, 14, 37, 2, 18, 2, 6, 0, 3, 2, 1, 2, 0, NA, NA, NA, NA",0,110,115,17,13,NA,"1, 2, 3, 4, 1781, 1924, 1678, 1903, 1, 1, 1, 1, NA, NA, NA, NA, NA, NA, NA, NA","Showers, clearing later",19,"RAIN",6,2,3,0,2,2,1,17,6,4,1,2,0,0
"St Kilda Vs Geelong Cats",2022-05-14 06:35:00,"CONCLUDED","CD_M20220140904","CD_V190","2022-05-14T06:35:00","CD_T130","CD_T70","CD_R202201409","2022-05-14T16:35:00","STK V GEEL","#AFLSaintsCats","St Kilda",NA,"CD_T130","STK","Saints","Geelong Cats",NA,"CD_T70","GEEL","Cats","Melbourne","Marvel Stadium","VIC","Australia/Melbourne","CD_V190","MRVL",NA,NA,NA,NA,"Round 9","2022","CD_R202201409","Rd 9","CD_S2022014",9,"CONCLUDED","CD_M20220140904",NA,NA,"2022-05-14T09:20:40.209+0000","1, 2, 3, 4, 29, 13, 26, 29, 4, 2, 4, 4, 5, 1, 2, 5, NA, NA, NA, NA",3,39,90,13,12,NA,"1, 2, 3, 4, 14, 37, 2, 18, 2, 6, 0, 3, 2, 1, 2, 0, NA, NA, NA, NA",4,77,80,11,14,NA,"1, 2, 3, 4, 1781, 1924, 1678, 1903, 1, 1, 1, 1, NA, NA, NA, NA, NA, NA, NA, NA","Shower or two",20,"RAIN",13,4,3,2,0,3,0,11,3,3,1,3,4,0
"Sydney Swans Vs Essendon",2022-05-14 09:25:00,"CONCLUDED","CD_M20220140905","CD_V60","2022-05-14T09:25:00","CD_T160","CD_T50","CD_R202201409","2022-05-14T19:25:00","SYD V ESS","#AFLSwansDons","Sydney Swans",NA,"CD_T160","SYD","Swans","Essendon",NA,"CD_T50","ESS","Bombers","Sydney","SCG","NSW","Australia/Sydney","CD_V60","SCG",NA,NA,NA,NA,"Round 9","2022","CD_R202201409","Rd 9","CD_S2022014",9,"CONCLUDED","CD_M20220140905",NA,NA,"2022-05-14T12:14:16.214+0000","1, 2, 3, 4, 29, 13, 26, 29, 4, 2, 4, 4, 5, 1, 2, 5, NA, NA, NA, NA",4,106,105,14,21,NA,"1, 2, 3, 4, 14, 37, 2, 18, 2, 6, 0, 3, 2, 1, 2, 0, NA, NA, NA, NA",2,4,47,6,11,NA,"1, 2, 3, 4, 1781, 1924, 1678, 1903, 1, 1, 1, 1, NA, NA, NA, NA, NA, NA, NA, NA","Partly cloudy",26,"MOSTLY_SUNNY",14,9,5,2,0,4,1,6,2,7,0,0,2,0
"Adelaide Crows Vs Brisbane Lions",2022-05-14 09:40:00,"CONCLUDED","CD_M20220140906","CD_V6","2022-05-14T09:40:00","CD_T10","CD_T20","CD_R202201409","2022-05-14T19:10:00","ADEL V BL","#AFLCrowsLions","Adelaide Crows",NA,"CD_T10","ADEL","Crows","Brisbane Lions",NA,"CD_T20","BL","Lions","Adelaide","Adelaide Oval","SA","Australia/Adelaide","CD_V6","AO",NA,NA,NA,NA,"Round 9","2022","CD_R202201409","Rd 9","CD_S2022014",9,"CONCLUDED","CD_M20220140906",NA,NA,"2022-05-14T12:47:24.208+0000","1, 2, 3, 4, 29, 13, 26, 29, 4, 2, 4, 4, 5, 1, 2, 5, NA, NA, NA, NA",1,21,66,9,12,NA,"1, 2, 3, 4, 14, 37, 2, 18, 2, 6, 0, 3, 2, 1, 2, 0, NA, NA, NA, NA",0,98,102,16,6,NA,"1, 2, 3, 4, 1781, 1924, 1678, 1903, 1, 1, 1, 1, NA, NA, NA, NA, NA, NA, NA, NA","Mostly Sunny",18,"MOSTLY_SUNNY",9,3,3,2,2,1,1,16,2,1,2,1,0,0
"Gold Coast Suns Vs Fremantle",2022-05-15 03:40:00,"CONCLUDED","CD_M20220140907","CD_V81","2022-05-15T03:40:00","CD_T1000","CD_T60","CD_R202201409","2022-05-15T13:40:00","GCFC V FRE","#AFLSunsFreo","Gold Coast Suns",NA,"CD_T1000","GCFC","Suns","Fremantle",NA,"CD_T60","FRE","Freo","Gold Coast","Metricon Stadium","QLD","Australia/Brisbane","CD_V81","MS",NA,NA,NA,NA,"Round 9","2022","CD_R202201409","Rd 9","CD_S2022014",9,"CONCLUDED","CD_M20220140907",NA,NA,"2022-05-15T06:43:51.850+0000","1, 2, 3, 4, 29, 13, 26, 29, 4, 2, 4, 4, 5, 1, 2, 5, NA, NA, NA, NA",0,83,69,10,9,NA,"1, 2, 3, 4, 14, 37, 2, 18, 2, 6, 0, 3, 2, 1, 2, 0, NA, NA, NA, NA",2,26,33,4,9,NA,"1, 2, 3, 4, 1781, 1924, 1678, 1903, 1, 1, 1, 1, NA, NA, NA, NA, NA, NA, NA, NA","Showers",26,"RAIN",10,5,2,2,0,0,0,4,2,5,0,0,2,0
"GWS Giants Vs Carlton",2022-05-15 05:20:00,"CONCLUDED","CD_M20220140908","CD_V43","2022-05-15T05:20:00","CD_T1010","CD_T30","CD_R202201409","2022-05-15T15:20:00","GWS V CARL","#AFLGiantsBlues","GWS Giants",NA,"CD_T1010","GWS","Giants","Carlton",NA,"CD_T30","CARL","Blues","Sydney","GIANTS Stadium","NSW","Australia/Sydney","CD_V43","GS",NA,NA,NA,NA,"Round 9","2022","CD_R202201409","Rd 9","CD_S2022014",9,"CONCLUDED","CD_M20220140908",NA,NA,"2022-05-15T08:13:04.422+0000","1, 2, 3, 4, 29, 13, 26, 29, 4, 2, 4, 4, 5, 1, 2, 5, NA, NA, NA, NA",2,0,75,11,9,NA,"1, 2, 3, 4, 14, 37, 2, 18, 2, 6, 0, 3, 2, 1, 2, 0, NA, NA, NA, NA",4,113,105,15,15,NA,"1, 2, 3, 4, 1781, 1924, 1678, 1903, 1, 1, 1, 1, NA, NA, NA, NA, NA, NA, NA, NA","Shower or two",25,"RAIN",11,5,2,0,0,2,0,15,5,4,1,1,4,0
"West Coast Eagles Vs Melbourne",2022-05-15 07:20:00,"CONCLUDED","CD_M20220140909","CD_V2925","2022-05-15T07:20:00","CD_T150","CD_T90","CD_R202201409","2022-05-15T15:20:00","WCE V MELB","#AFLEaglesDees","West Coast Eagles",NA,"CD_T150","WCE","Eagles","Melbourne",NA,"CD_T90","MELB","Demons","Perth","Optus Stadium","WA","Australia/Perth","CD_V2925","OS",NA,NA,NA,NA,"Round 9","2022","CD_R202201409","Rd 9","CD_S2022014",9,"CONCLUDED","CD_M20220140909",NA,NA,"2022-05-15T10:05:48.009+0000","1, 2, 3, 4, 29, 13, 26, 29, 4, 2, 4, 4, 5, 1, 2, 5, NA, NA, NA, NA",2,3,38,5,8,NA,"1, 2, 3, 4, 14, 37, 2, 18, 2, 6, 0, 3, 2, 1, 2, 0, NA, NA, NA, NA",2,103,112,16,16,NA,"1, 2, 3, 4, 1781, 1924, 1678, 1903, 1, 1, 1, 1, NA, NA, NA, NA, NA, NA, NA, NA","Mostly Sunny",18,"MOSTLY_SUNNY",5,3,2,0,1,2,0,16,7,7,0,0,2,0
"Carlton Vs Sydney Swans",2022-05-20 09:50:00,"CONCLUDED","CD_M20220141002","CD_V190","2022-05-20T09:50:00","CD_T30","CD_T160","CD_R202201410","2022-05-20T19:50:00","CARL V SYD","#AFLBluesSwans","Carlton",NA,"CD_T30","CARL","Blues","Sydney Swans",NA,"CD_T160","SYD","Swans","Melbourne","Marvel Stadium","VIC","Australia/Melbourne","CD_V190","MRVL",NA,NA,NA,NA,"Round 10","2022","CD_R202201410","Rd 10","CD_S2022014",10,"CONCLUDED","CD_M20220141002",NA,NA,"2022-05-20T12:52:06.237+0000","1, 2, 3, 4, 29, 13, 26, 29, 4, 2, 4, 4, 5, 1, 2, 5, NA, NA, NA, NA",2,95,102,15,12,NA,"1, 2, 3, 4, 14, 37, 2, 18, 2, 6, 0, 3, 2, 1, 2, 0, NA, NA, NA, NA",1,23,87,13,9,NA,"1, 2, 3, 4, 1781, 1924, 1678, 1903, 1, 1, 1, 1, NA, NA, NA, NA, NA, NA, NA, NA","Partly cloudy",16,"MOSTLY_SUNNY",15,3,3,1,1,2,2,13,4,2,0,1,1,1
"Geelong Cats Vs Port Adelaide",2022-05-21 03:45:00,"CONCLUDED","CD_M20220141004","CD_V30","2022-05-21T03:45:00","CD_T70","CD_T110","CD_R202201410","2022-05-21T13:45:00","GEEL V PORT","#AFLCatsPower","Geelong Cats",NA,"CD_T70","GEEL","Cats","Port Adelaide",NA,"CD_T110","PORT","Power","Geelong","GMHBA Stadium","VIC","Australia/Melbourne","CD_V30","GMHBA",NA,NA,NA,NA,"Round 10","2022","CD_R202201410","Rd 10","CD_S2022014",10,"CONCLUDED","CD_M20220141004",NA,NA,"2022-05-21T06:58:10.730+0000","1, 2, 3, 4, 29, 13, 26, 29, 4, 2, 4, 4, 5, 1, 2, 5, NA, NA, NA, NA",8,77,82,11,16,NA,"1, 2, 3, 4, 14, 37, 2, 18, 2, 6, 0, 3, 2, 1, 2, 0, NA, NA, NA, NA",0,25,47,7,5,NA,"1, 2, 3, 4, 1781, 1924, 1678, 1903, 1, 1, 1, 1, NA, NA, NA, NA, NA, NA, NA, NA","Mostly sunny",16,"MOSTLY_SUNNY",11,2,4,1,0,8,1,7,2,1,1,1,0,0
"Western Bulldogs Vs Gold Coast Suns",2022-05-21 03:45:00,"CONCLUDED","CD_M20220141009","CD_V313","2022-05-21T03:45:00","CD_T140","CD_T1000","CD_R202201410","2022-05-21T13:45:00","WB V GCFC","#AFLDogsSuns","Western Bulldogs",NA,"CD_T140","WB","Bulldogs","Gold Coast Suns",NA,"CD_T1000","GCFC","Suns","Ballarat","Mars Stadium","VIC","Australia/Melbourne","CD_V313","MARS",NA,NA,NA,NA,"Round 10","2022","CD_R202201410","Rd 10","CD_S2022014",10,"CONCLUDED","CD_M20220141009",NA,NA,"2022-05-21T06:45:46.196+0000","1, 2, 3, 4, 29, 13, 26, 29, 4, 2, 4, 4, 5, 1, 2, 5, NA, NA, NA, NA",1,112,106,15,16,NA,"1, 2, 3, 4, 14, 37, 2, 18, 2, 6, 0, 3, 2, 1, 2, 0, NA, NA, NA, NA",0,0,87,13,9,NA,"1, 2, 3, 4, 1781, 1924, 1678, 1903, 1, 1, 1, 1, NA, NA, NA, NA, NA, NA, NA, NA","Sunny",17,"SUNNY",15,9,4,0,1,1,1,13,8,1,0,0,0,0
"North Melbourne Vs Melbourne",2022-05-21 06:35:00,"CONCLUDED","CD_M20220141007","CD_V190","2022-05-21T06:35:00","CD_T100","CD_T90","CD_R202201410","2022-05-21T16:35:00","NMFC V MELB","#AFLNorthDees","North Melbourne",NA,"CD_T100","NMFC","Kangaroos","Melbourne",NA,"CD_T90","MELB","Demons","Melbourne","Marvel Stadium","VIC","Australia/Melbourne","CD_V190","MRVL",NA,NA,NA,NA,"Round 10","2022","CD_R202201410","Rd 10","CD_S2022014",10,"CONCLUDED","CD_M20220141007",NA,NA,"2022-05-21T09:31:37.980+0000","1, 2, 3, 4, 29, 13, 26, 29, 4, 2, 4, 4, 5, 1, 2, 5, NA, NA, NA, NA",1,9,53,8,5,NA,"1, 2, 3, 4, 14, 37, 2, 18, 2, 6, 0, 3, 2, 1, 2, 0, NA, NA, NA, NA",4,105,100,14,16,NA,"1, 2, 3, 4, 1781, 1924, 1678, 1903, 1, 1, 1, 1, NA, NA, NA, NA, NA, NA, NA, NA","Early fog then sunny",15,"OVERCAST",8,1,2,0,0,1,1,14,7,3,0,1,4,1
"Adelaide Crows Vs St Kilda",2022-05-21 09:30:00,"CONCLUDED","CD_M20220141001","CD_V6","2022-05-21T09:30:00","CD_T10","CD_T130","CD_R202201410","2022-05-21T19:00:00","ADEL V STK","#AFLCrowsSaints","Adelaide Crows",NA,"CD_T10","ADEL","Crows","St Kilda",NA,"CD_T130","STK","Saints","Adelaide","Adelaide Oval","SA","Australia/Adelaide","CD_V6","AO",NA,NA,NA,NA,"Round 10","2022","CD_R202201410","Rd 10","CD_S2022014",10,"CONCLUDED","CD_M20220141001",NA,NA,"2022-05-21T12:19:26.035+0000","1, 2, 3, 4, 29, 13, 26, 29, 4, 2, 4, 4, 5, 1, 2, 5, NA, NA, NA, NA",2,88,69,9,15,NA,"1, 2, 3, 4, 14, 37, 2, 18, 2, 6, 0, 3, 2, 1, 2, 0, NA, NA, NA, NA",3,27,90,14,6,NA,"1, 2, 3, 4, 1781, 1924, 1678, 1903, 1, 1, 1, 1, NA, NA, NA, NA, NA, NA, NA, NA","Mostly Sunny",18,"MOSTLY_SUNNY",9,8,3,2,0,2,0,14,1,1,1,0,3,0
"Richmond Vs Essendon",2022-05-21 09:30:00,"CONCLUDED","CD_M20220141008","CD_V40","2022-05-21T09:30:00","CD_T120","CD_T50","CD_R202201410","2022-05-21T19:30:00","RICH V ESS","#AFLTigersDons","Richmond",NA,"CD_T120","RICH","Tigers","Essendon",NA,"CD_T50","ESS","Bombers","Melbourne","MCG","VIC","Australia/Melbourne","CD_V40","MCG",NA,NA,NA,NA,"Round 10","2022","CD_R202201410","Rd 10","CD_S2022014",10,"CONCLUDED","CD_M20220141008",NA,NA,"2022-05-21T12:22:06.230+0000","1, 2, 3, 4, 29, 13, 26, 29, 4, 2, 4, 4, 5, 1, 2, 5, NA, NA, NA, NA",3,98,80,11,14,NA,"1, 2, 3, 4, 14, 37, 2, 18, 2, 6, 0, 3, 2, 1, 2, 0, NA, NA, NA, NA",2,3,48,7,6,NA,"1, 2, 3, 4, 1781, 1924, 1678, 1903, 1, 1, 1, 1, NA, NA, NA, NA, NA, NA, NA, NA","Early fog then sunny",15,"OVERCAST",11,4,4,2,0,3,1,7,1,2,0,0,2,1
"GWS Giants Vs West Coast Eagles",2022-05-22 04:10:00,"CONCLUDED","CD_M20220141005","CD_V43","2022-05-22T04:10:00","CD_T1010","CD_T150","CD_R202201410","2022-05-22T14:10:00","GWS V WCE","#AFLGiantsEagles","GWS Giants",NA,"CD_T1010","GWS","Giants","West Coast Eagles",NA,"CD_T150","WCE","Eagles","Sydney","GIANTS Stadium","NSW","Australia/Sydney","CD_V43","GS",NA,NA,NA,NA,"Round 10","2022","CD_R202201410","Rd 10","CD_S2022014",10,"CONCLUDED","CD_M20220141005",NA,NA,"2022-05-22T07:17:18.603+0000","1, 2, 3, 4, 29, 13, 26, 29, 4, 2, 4, 4, 5, 1, 2, 5, NA, NA, NA, NA",2,127,138,21,12,NA,"1, 2, 3, 4, 14, 37, 2, 18, 2, 6, 0, 3, 2, 1, 2, 0, NA, NA, NA, NA",3,0,86,13,8,NA,"1, 2, 3, 4, 1781, 1924, 1678, 1903, 1, 1, 1, 1, NA, NA, NA, NA, NA, NA, NA, NA","Showers",19,"RAIN",21,4,5,0,1,2,0,13,2,1,1,1,3,0
"Hawthorn Vs Brisbane Lions",2022-05-22 05:20:00,"CONCLUDED","CD_M20220141006","CD_V200","2022-05-22T05:20:00","CD_T80","CD_T20","CD_R202201410","2022-05-22T15:20:00","HAW V BL","#AFLHawksLions","Hawthorn",NA,"CD_T80","HAW","Hawks","Brisbane Lions",NA,"CD_T20","BL","Lions","Launceston","University of Tasmania Stadium","TAS","Australia/Hobart","CD_V200","UTAS",NA,NA,NA,NA,"Round 10","2022","CD_R202201410","Rd 10","CD_S2022014",10,"CONCLUDED","CD_M20220141006",NA,NA,"2022-05-22T08:37:21.715+0000","1, 2, 3, 4, 29, 13, 26, 29, 4, 2, 4, 4, 5, 1, 2, 5, NA, NA, NA, NA",5,47,117,18,9,NA,"1, 2, 3, 4, 14, 37, 2, 18, 2, 6, 0, 3, 2, 1, 2, 0, NA, NA, NA, NA",1,82,112,17,10,NA,"1, 2, 3, 4, 1781, 1924, 1678, 1903, 1, 1, 1, 1, NA, NA, NA, NA, NA, NA, NA, NA","Mostly sunny",15,"MOSTLY_SUNNY",18,0,3,1,0,5,0,17,6,1,1,0,1,1
"Fremantle Vs Collingwood",2022-05-22 07:20:00,"CONCLUDED","CD_M20220141003","CD_V2925","2022-05-22T07:20:00","CD_T60","CD_T40","CD_R202201410","2022-05-22T15:20:00","FRE V COLL","#AFLFreoPies","Fremantle",NA,"CD_T60","FRE","Freo","Collingwood",NA,"CD_T40","COLL","Magpies","Perth","Optus Stadium","WA","Australia/Perth","CD_V2925","OS",NA,NA,NA,NA,"Round 10","2022","CD_R202201410","Rd 10","CD_S2022014",10,"CONCLUDED","CD_M20220141003",NA,NA,"2022-05-22T10:14:58.496+0000","1, 2, 3, 4, 29, 13, 26, 29, 4, 2, 4, 4, 5, 1, 2, 5, NA, NA, NA, NA",2,19,44,6,8,NA,"1, 2, 3, 4, 14, 37, 2, 18, 2, 6, 0, 3, 2, 1, 2, 0, NA, NA, NA, NA",3,83,80,12,8,NA,"1, 2, 3, 4, 1781, 1924, 1678, 1903, 1, 1, 1, 1, NA, NA, NA, NA, NA, NA, NA, NA","Mostly Sunny",18,"MOSTLY_SUNNY",6,4,2,0,0,2,0,12,2,1,0,2,3,0
"Sydney Swans Vs Richmond",2022-05-27 09:50:00,"CONCLUDED","CD_M20220141108","CD_V60","2022-05-27T09:50:00","CD_T160","CD_T120","CD_R202201411","2022-05-27T19:50:00","SYD V RICH","#AFLSwansTigers","Sydney Swans",NA,"CD_T160","SYD","Swans","Richmond",NA,"CD_T120","RICH","Tigers","Sydney","SCG","NSW","Australia/Sydney","CD_V60","SCG",NA,NA,NA,NA,"Round 11","2022","CD_R202201411","Rd 11","CD_S2022014",11,"CONCLUDED","CD_M20220141108",NA,NA,"2022-05-27T13:22:11.500+0000","1, 2, 3, 4, 29, 13, 26, 29, 4, 2, 4, 4, 5, 1, 2, 5, NA, NA, NA, NA",4,42,106,16,10,NA,"1, 2, 3, 4, 14, 37, 2, 18, 2, 6, 0, 3, 2, 1, 2, 0, NA, NA, NA, NA",3,89,100,15,10,NA,"1, 2, 3, 4, 1781, 1924, 1678, 1903, 1, 1, 1, 1, NA, NA, NA, NA, NA, NA, NA, NA","Partly cloudy",21,"MOSTLY_SUNNY",16,2,4,0,0,4,0,15,2,4,0,1,3,0
"Brisbane Lions Vs GWS Giants",2022-05-28 03:45:00,"CONCLUDED","CD_M20220141101","CD_V20","2022-05-28T03:45:00","CD_T20","CD_T1010","CD_R202201411","2022-05-28T13:45:00","BL V GWS","#AFLLionsGiants","Brisbane Lions",NA,"CD_T20","BL","Lions","GWS Giants",NA,"CD_T1010","GWS","Giants","Brisbane","Gabba","QLD","Australia/Brisbane","CD_V20","G",NA,NA,NA,NA,"Round 11","2022","CD_R202201411","Rd 11","CD_S2022014",11,"CONCLUDED","CD_M20220141101",NA,NA,"2022-05-28T06:42:18.850+0000","1, 2, 3, 4, 29, 13, 26, 29, 4, 2, 4, 4, 5, 1, 2, 5, NA, NA, NA, NA",5,58,110,16,14,NA,"1, 2, 3, 4, 14, 37, 2, 18, 2, 6, 0, 3, 2, 1, 2, 0, NA, NA, NA, NA",1,59,96,15,6,NA,"1, 2, 3, 4, 1781, 1924, 1678, 1903, 1, 1, 1, 1, NA, NA, NA, NA, NA, NA, NA, NA","Mostly sunny",25,"MOSTLY_SUNNY",16,4,3,2,0,5,0,15,2,3,0,0,1,0
"Geelong Cats Vs Adelaide Crows",2022-05-28 03:45:00,"CONCLUDED","CD_M20220141103","CD_V30","2022-05-28T03:45:00","CD_T70","CD_T10","CD_R202201411","2022-05-28T13:45:00","GEEL V ADEL","#AFLCatsCrows","Geelong Cats",NA,"CD_T70","GEEL","Cats","Adelaide Crows",NA,"CD_T10","ADEL","Crows","Geelong","GMHBA Stadium","VIC","Australia/Melbourne","CD_V30","GMHBA",NA,NA,NA,NA,"Round 11","2022","CD_R202201411","Rd 11","CD_S2022014",11,"CONCLUDED","CD_M20220141103",NA,NA,"2022-05-28T06:47:04.812+0000","1, 2, 3, 4, 29, 13, 26, 29, 4, 2, 4, 4, 5, 1, 2, 5, NA, NA, NA, NA",3,103,97,15,7,NA,"1, 2, 3, 4, 14, 37, 2, 18, 2, 6, 0, 3, 2, 1, 2, 0, NA, NA, NA, NA",3,9,55,7,13,NA,"1, 2, 3, 4, 1781, 1924, 1678, 1903, 1, 1, 1, 1, NA, NA, NA, NA, NA, NA, NA, NA","Partly cloudy",16,"MOSTLY_SUNNY",15,2,2,0,0,3,0,7,3,4,2,1,3,0
"Melbourne Vs Fremantle",2022-05-28 06:35:00,"CONCLUDED","CD_M20220141105","CD_V40","2022-05-28T06:35:00","CD_T90","CD_T60","CD_R202201411","2022-05-28T16:35:00","MELB V FRE","#AFLDeesFreo","Melbourne",NA,"CD_T90","MELB","Demons","Fremantle",NA,"CD_T60","FRE","Freo","Melbourne","MCG","VIC","Australia/Melbourne","CD_V40","MCG",NA,NA,NA,NA,"Round 11","2022","CD_R202201411","Rd 11","CD_S2022014",11,"CONCLUDED","CD_M20220141105",NA,NA,"2022-05-28T09:22:46.145+0000","1, 2, 3, 4, 29, 13, 26, 29, 4, 2, 4, 4, 5, 1, 2, 5, NA, NA, NA, NA",3,53,56,7,14,NA,"1, 2, 3, 4, 14, 37, 2, 18, 2, 6, 0, 3, 2, 1, 2, 0, NA, NA, NA, NA",2,51,94,14,10,NA,"1, 2, 3, 4, 1781, 1924, 1678, 1903, 1, 1, 1, 1, NA, NA, NA, NA, NA, NA, NA, NA","Partly cloudy",15,"MOSTLY_SUNNY",7,5,2,2,1,3,1,14,4,2,0,0,2,2
"West Coast Eagles Vs Western Bulldogs",2022-05-28 09:30:00,"CONCLUDED","CD_M20220141109","CD_V2925","2022-05-28T09:30:00","CD_T150","CD_T140","CD_R202201411","2022-05-28T17:30:00","WCE V WB","#AFLEaglesDogs","West Coast Eagles",NA,"CD_T150","WCE","Eagles","Western Bulldogs",NA,"CD_T140","WB","Bulldogs","Perth","Optus Stadium","WA","Australia/Perth","CD_V2925","OS",NA,NA,NA,NA,"Round 11","2022","CD_R202201411","Rd 11","CD_S2022014",11,"CONCLUDED","CD_M20220141109",NA,NA,"2022-05-28T12:32:35.220+0000","1, 2, 3, 4, 29, 13, 26, 29, 4, 2, 4, 4, 5, 1, 2, 5, NA, NA, NA, NA",2,5,60,9,6,NA,"1, 2, 3, 4, 14, 37, 2, 18, 2, 6, 0, 3, 2, 1, 2, 0, NA, NA, NA, NA",2,111,161,25,11,NA,"1, 2, 3, 4, 1781, 1924, 1678, 1903, 1, 1, 1, 1, NA, NA, NA, NA, NA, NA, NA, NA","Mostly Sunny",18,"MOSTLY_SUNNY",9,1,2,0,0,2,1,25,1,6,1,1,2,0
"Gold Coast Suns Vs Hawthorn",2022-05-28 09:40:00,"CONCLUDED","CD_M20220141104","CD_V160","2022-05-28T09:40:00","CD_T1000","CD_T80","CD_R202201411","2022-05-28T19:10:00","GCFC V HAW","#AFLSunsHawks","Gold Coast Suns",NA,"CD_T1000","GCFC","Suns","Hawthorn",NA,"CD_T80","HAW","Hawks","Darwin","TIO Stadium","NT","Australia/Darwin","CD_V160","TIO",NA,NA,NA,NA,"Round 11","2022","CD_R202201411","Rd 11","CD_S2022014",11,"CONCLUDED","CD_M20220141104",NA,NA,"2022-05-28T12:30:04.268+0000","1, 2, 3, 4, 29, 13, 26, 29, 4, 2, 4, 4, 5, 1, 2, 5, NA, NA, NA, NA",3,108,121,18,13,NA,"1, 2, 3, 4, 14, 37, 2, 18, 2, 6, 0, 3, 2, 1, 2, 0, NA, NA, NA, NA",3,4,54,7,12,NA,"1, 2, 3, 4, 1781, 1924, 1678, 1903, 1, 1, 1, 1, NA, NA, NA, NA, NA, NA, NA, NA","Mostly Sunny",18,"MOSTLY_SUNNY",18,3,7,0,0,3,0,7,1,8,0,0,3,0
"St Kilda Vs North Melbourne",2022-05-29 03:10:00,"CONCLUDED","CD_M20220141107","CD_V190","2022-05-29T03:10:00","CD_T130","CD_T100","CD_R202201411","2022-05-29T13:10:00","STK V NMFC","#AFLSaintsNorth","St Kilda",NA,"CD_T130","STK","Saints","North Melbourne",NA,"CD_T100","NMFC","Kangaroos","Melbourne","Marvel Stadium","VIC","Australia/Melbourne","CD_V190","MRVL",NA,NA,NA,NA,"Round 11","2022","CD_R202201411","Rd 11","CD_S2022014",11,"CONCLUDED","CD_M20220141107",NA,NA,"2022-05-29T06:05:55.301+0000","1, 2, 3, 4, 29, 13, 26, 29, 4, 2, 4, 4, 5, 1, 2, 5, NA, NA, NA, NA",0,102,103,16,7,NA,"1, 2, 3, 4, 14, 37, 2, 18, 2, 6, 0, 3, 2, 1, 2, 0, NA, NA, NA, NA",2,0,50,7,8,NA,"1, 2, 3, 4, 1781, 1924, 1678, 1903, 1, 1, 1, 1, NA, NA, NA, NA, NA, NA, NA, NA","Partly cloudy",15,"MOSTLY_SUNNY",16,5,2,0,0,0,0,7,3,2,1,0,2,0
"Collingwood Vs Carlton",2022-05-29 05:20:00,"CONCLUDED","CD_M20220141102","CD_V40","2022-05-29T05:20:00","CD_T40","CD_T30","CD_R202201411","2022-05-29T15:20:00","COLL V CARL","#AFLPiesBlues","Collingwood",NA,"CD_T40","COLL","Magpies","Carlton",NA,"CD_T30","CARL","Blues","Melbourne","MCG","VIC","Australia/Melbourne","CD_V40","MCG",NA,NA,NA,NA,"Round 11","2022","CD_R202201411","Rd 11","CD_S2022014",11,"CONCLUDED","CD_M20220141102",NA,NA,"2022-05-29T08:02:48.157+0000","1, 2, 3, 4, 29, 13, 26, 29, 4, 2, 4, 4, 5, 1, 2, 5, NA, NA, NA, NA",4,79,79,11,13,NA,"1, 2, 3, 4, 14, 37, 2, 18, 2, 6, 0, 3, 2, 1, 2, 0, NA, NA, NA, NA",2,18,75,11,9,NA,"1, 2, 3, 4, 1781, 1924, 1678, 1903, 1, 1, 1, 1, NA, NA, NA, NA, NA, NA, NA, NA","Partly cloudy",15,"MOSTLY_SUNNY",11,4,4,1,0,4,0,11,3,4,0,0,2,0
"Port Adelaide Vs Essendon",2022-05-29 06:40:00,"CONCLUDED","CD_M20220141106","CD_V6","2022-05-29T06:40:00","CD_T110","CD_T50","CD_R202201411","2022-05-29T16:10:00","PORT V ESS","#AFLPowerDons","Port Adelaide",NA,"CD_T110","PORT","Power","Essendon",NA,"CD_T50","ESS","Bombers","Adelaide","Adelaide Oval","SA","Australia/Adelaide","CD_V6","AO",NA,NA,NA,NA,"Round 11","2022","CD_R202201411","Rd 11","CD_S2022014",11,"CONCLUDED","CD_M20220141106",NA,NA,"2022-05-29T09:40:41.745+0000","1, 2, 3, 4, 29, 13, 26, 29, 4, 2, 4, 4, 5, 1, 2, 5, NA, NA, NA, NA",1,109,66,9,12,NA,"1, 2, 3, 4, 14, 37, 2, 18, 2, 6, 0, 3, 2, 1, 2, 0, NA, NA, NA, NA",2,0,50,6,14,NA,"1, 2, 3, 4, 1781, 1924, 1678, 1903, 1, 1, 1, 1, NA, NA, NA, NA, NA, NA, NA, NA","Mostly Sunny",18,"MOSTLY_SUNNY",9,3,7,1,0,1,0,6,5,5,1,0,2,1
"Western Bulldogs Vs Geelong Cats",2022-06-03 09:50:00,"CONCLUDED","CD_M20220141206","CD_V190","2022-06-03T09:50:00","CD_T140","CD_T70","CD_R202201412","2022-06-03T19:50:00","WB V GEEL","#AFLDogsCats","Western Bulldogs",NA,"CD_T140","WB","Bulldogs","Geelong Cats",NA,"CD_T70","GEEL","Cats","Melbourne","Marvel Stadium","VIC","Australia/Melbourne","CD_V190","MRVL",NA,NA,NA,NA,"Round 12","2022","CD_R202201412","Rd 12","CD_S2022014",12,"CONCLUDED","CD_M20220141206",NA,NA,"2022-06-03T12:50:27.353+0000","1, 2, 3, 4, 29, 13, 26, 29, 4, 2, 4, 4, 5, 1, 2, 5, NA, NA, NA, NA",4,0,70,10,10,NA,"1, 2, 3, 4, 14, 37, 2, 18, 2, 6, 0, 3, 2, 1, 2, 0, NA, NA, NA, NA",2,117,83,12,11,NA,"1, 2, 3, 4, 1781, 1924, 1678, 1903, 1, 1, 1, 1, NA, NA, NA, NA, NA, NA, NA, NA","Late shower or two",13,"RAIN",10,1,4,1,0,4,0,12,4,4,0,0,2,1
"Adelaide Crows Vs West Coast Eagles",2022-06-04 03:45:00,"CONCLUDED","CD_M20220141201","CD_V6","2022-06-04T03:45:00","CD_T10","CD_T150","CD_R202201412","2022-06-04T13:15:00","ADEL V WCE","#AFLCrowsEagles","Adelaide Crows",NA,"CD_T10","ADEL","Crows","West Coast Eagles",NA,"CD_T150","WCE","Eagles","Adelaide","Adelaide Oval","SA","Australia/Adelaide","CD_V6","AO",NA,NA,NA,NA,"Round 12","2022","CD_R202201412","Rd 12","CD_S2022014",12,"CONCLUDED","CD_M20220141201",NA,NA,"2022-06-04T06:33:14.591+0000","1, 2, 3, 4, 29, 13, 26, 29, 4, 2, 4, 4, 5, 1, 2, 5, NA, NA, NA, NA",3,112,88,13,10,NA,"1, 2, 3, 4, 14, 37, 2, 18, 2, 6, 0, 3, 2, 1, 2, 0, NA, NA, NA, NA",5,0,57,8,9,NA,"1, 2, 3, 4, 1781, 1924, 1678, 1903, 1, 1, 1, 1, NA, NA, NA, NA, NA, NA, NA, NA","Mostly Sunny",18,"MOSTLY_SUNNY",13,3,3,1,0,3,0,8,0,2,0,2,5,0
"Gold Coast Suns Vs North Melbourne",2022-06-04 06:35:00,"CONCLUDED","CD_M20220141203","CD_V160","2022-06-04T06:35:00","CD_T1000","CD_T100","CD_R202201412","2022-06-04T16:05:00","GCFC V NMFC","#AFLSunsNorth","Gold Coast Suns",NA,"CD_T1000","GCFC","Suns","North Melbourne",NA,"CD_T100","NMFC","Kangaroos","Darwin","TIO Stadium","NT","Australia/Darwin","CD_V160","TIO",NA,NA,NA,NA,"Round 12","2022","CD_R202201412","Rd 12","CD_S2022014",12,"CONCLUDED","CD_M20220141203",NA,NA,"2022-06-04T09:37:47.154+0000","1, 2, 3, 4, 29, 13, 26, 29, 4, 2, 4, 4, 5, 1, 2, 5, NA, NA, NA, NA",5,84,109,15,19,NA,"1, 2, 3, 4, 14, 37, 2, 18, 2, 6, 0, 3, 2, 1, 2, 0, NA, NA, NA, NA",4,37,47,7,5,NA,"1, 2, 3, 4, 1781, 1924, 1678, 1903, 1, 1, 1, 1, NA, NA, NA, NA, NA, NA, NA, NA","Mostly Sunny",18,"MOSTLY_SUNNY",15,5,6,0,2,5,1,7,0,1,0,0,4,0
"Melbourne Vs Sydney Swans",2022-06-04 09:25:00,"CONCLUDED","CD_M20220141205","CD_V40","2022-06-04T09:25:00","CD_T90","CD_T160","CD_R202201412","2022-06-04T19:25:00","MELB V SYD","#AFLDeesSwans","Melbourne",NA,"CD_T90","MELB","Demons","Sydney Swans",NA,"CD_T160","SYD","Swans","Melbourne","MCG","VIC","Australia/Melbourne","CD_V40","MCG",NA,NA,NA,NA,"Round 12","2022","CD_R202201412","Rd 12","CD_S2022014",12,"CONCLUDED","CD_M20220141205",NA,NA,"2022-06-04T12:17:33.566+0000","1, 2, 3, 4, 29, 13, 26, 29, 4, 2, 4, 4, 5, 1, 2, 5, NA, NA, NA, NA",1,83,61,9,7,NA,"1, 2, 3, 4, 14, 37, 2, 18, 2, 6, 0, 3, 2, 1, 2, 0, NA, NA, NA, NA",2,23,73,10,13,NA,"1, 2, 3, 4, 1781, 1924, 1678, 1903, 1, 1, 1, 1, NA, NA, NA, NA, NA, NA, NA, NA","Showers",15,"RAIN",9,5,1,0,0,1,0,10,4,5,0,2,2,0
"Hawthorn Vs Collingwood",2022-06-05 04:10:00,"CONCLUDED","CD_M20220141204","CD_V40","2022-06-05T04:10:00","CD_T80","CD_T40","CD_R202201412","2022-06-05T14:10:00","HAW V COLL","#AFLHawksPies","Hawthorn",NA,"CD_T80","HAW","Hawks","Collingwood",NA,"CD_T40","COLL","Magpies","Melbourne","MCG","VIC","Australia/Melbourne","CD_V40","MCG",NA,NA,NA,NA,"Round 12","2022","CD_R202201412","Rd 12","CD_S2022014",12,"CONCLUDED","CD_M20220141204",NA,NA,"2022-06-05T07:12:09.119+0000","1, 2, 3, 4, 29, 13, 26, 29, 4, 2, 4, 4, 5, 1, 2, 5, NA, NA, NA, NA",1,34,68,10,8,NA,"1, 2, 3, 4, 14, 37, 2, 18, 2, 6, 0, 3, 2, 1, 2, 0, NA, NA, NA, NA",3,81,72,10,12,NA,"1, 2, 3, 4, 1781, 1924, 1678, 1903, 1, 1, 1, 1, NA, NA, NA, NA, NA, NA, NA, NA","Showers easing",13,"RAIN",10,3,3,0,1,1,0,10,4,3,1,1,3,0
"Fremantle Vs Brisbane Lions",2022-06-05 07:20:00,"CONCLUDED","CD_M20220141202","CD_V2925","2022-06-05T07:20:00","CD_T60","CD_T20","CD_R202201412","2022-06-05T15:20:00","FRE V BL","#AFLFreoLions","Fremantle",NA,"CD_T60","FRE","Freo","Brisbane Lions",NA,"CD_T20","BL","Lions","Perth","Optus Stadium","WA","Australia/Perth","CD_V2925","OS",NA,NA,NA,NA,"Round 12","2022","CD_R202201412","Rd 12","CD_S2022014",12,"CONCLUDED","CD_M20220141202",NA,NA,"2022-06-05T10:21:40.334+0000","1, 2, 3, 4, 29, 13, 26, 29, 4, 2, 4, 4, 5, 1, 2, 5, NA, NA, NA, NA",4,60,99,15,9,NA,"1, 2, 3, 4, 14, 37, 2, 18, 2, 6, 0, 3, 2, 1, 2, 0, NA, NA, NA, NA",3,51,85,13,7,NA,"1, 2, 3, 4, 1781, 1924, 1678, 1903, 1, 1, 1, 1, NA, NA, NA, NA, NA, NA, NA, NA","Mostly Sunny",18,"MOSTLY_SUNNY",15,2,2,1,0,4,0,13,2,2,0,0,3,0
"Richmond Vs Port Adelaide",2022-06-09 09:20:00,"CONCLUDED","CD_M20220141306","CD_V40","2022-06-09T09:20:00","CD_T120","CD_T110","CD_R202201413","2022-06-09T19:20:00","RICH V PORT","#AFLTigersPower","Richmond",NA,"CD_T120","RICH","Tigers","Port Adelaide",NA,"CD_T110","PORT","Power","Melbourne","MCG","VIC","Australia/Melbourne","CD_V40","MCG",NA,NA,NA,NA,"Round 13","2022","CD_R202201413","Rd 13","CD_S2022014",13,"CONCLUDED","CD_M20220141306",NA,NA,"2022-06-09T12:11:20.490+0000","1, 2, 3, 4, 29, 13, 26, 29, 4, 2, 4, 4, 5, 1, 2, 5, NA, NA, NA, NA",1,93,77,11,11,NA,"1, 2, 3, 4, 14, 37, 2, 18, 2, 6, 0, 3, 2, 1, 2, 0, NA, NA, NA, NA",1,13,65,10,5,NA,"1, 2, 3, 4, 1781, 1924, 1678, 1903, 1, 1, 1, 1, NA, NA, NA, NA, NA, NA, NA, NA","Showers",13,"RAIN",11,8,0,1,0,1,1,10,1,1,0,1,1,1
"Essendon Vs Carlton",2022-06-10 09:50:00,"CONCLUDED","CD_M20220141303","CD_V40","2022-06-10T09:50:00","CD_T50","CD_T30","CD_R202201413","2022-06-10T19:50:00","ESS V CARL","#AFLDonsBlues","Essendon",NA,"CD_T50","ESS","Bombers","Carlton",NA,"CD_T30","CARL","Blues","Melbourne","MCG","VIC","Australia/Melbourne","CD_V40","MCG",NA,NA,NA,NA,"Round 13","2022","CD_R202201413","Rd 13","CD_S2022014",13,"CONCLUDED","CD_M20220141303",NA,NA,"2022-06-10T12:48:39.676+0000","1, 2, 3, 4, 29, 13, 26, 29, 4, 2, 4, 4, 5, 1, 2, 5, NA, NA, NA, NA",3,7,54,7,12,NA,"1, 2, 3, 4, 14, 37, 2, 18, 2, 6, 0, 3, 2, 1, 2, 0, NA, NA, NA, NA",2,99,80,12,8,NA,"1, 2, 3, 4, 1781, 1924, 1678, 1903, 1, 1, 1, 1, NA, NA, NA, NA, NA, NA, NA, NA","Shower or two",14,"RAIN",7,2,6,0,1,3,0,12,2,2,2,0,2,0
"Fremantle Vs Hawthorn",2022-06-11 06:10:00,"CONCLUDED","CD_M20220141304","CD_V2925","2022-06-11T06:10:00","CD_T60","CD_T80","CD_R202201413","2022-06-11T14:10:00","FRE V HAW","#AFLFreoHawks","Fremantle",NA,"CD_T60","FRE","Freo","Hawthorn",NA,"CD_T80","HAW","Hawks","Perth","Optus Stadium","WA","Australia/Perth","CD_V2925","OS",NA,NA,NA,NA,"Round 13","2022","CD_R202201413","Rd 13","CD_S2022014",13,"CONCLUDED","CD_M20220141304",NA,NA,"2022-06-11T09:07:43.027+0000","1, 2, 3, 4, 29, 13, 26, 29, 4, 2, 4, 4, 5, 1, 2, 5, NA, NA, NA, NA",1,73,95,14,11,NA,"1, 2, 3, 4, 14, 37, 2, 18, 2, 6, 0, 3, 2, 1, 2, 0, NA, NA, NA, NA",3,39,82,12,10,NA,"1, 2, 3, 4, 1781, 1924, 1678, 1903, 1, 1, 1, 1, NA, NA, NA, NA, NA, NA, NA, NA","Mostly Sunny",18,"MOSTLY_SUNNY",14,5,4,0,1,1,0,12,5,2,0,0,3,0
"Brisbane Lions Vs St Kilda",2022-06-11 09:25:00,"CONCLUDED","CD_M20220141301","CD_V20","2022-06-11T09:25:00","CD_T20","CD_T130","CD_R202201413","2022-06-11T19:25:00","BL V STK","#AFLLionsSaints","Brisbane Lions",NA,"CD_T20","BL","Lions","St Kilda",NA,"CD_T130","STK","Saints","Brisbane","Gabba","QLD","Australia/Brisbane","CD_V20","G",NA,NA,NA,NA,"Round 13","2022","CD_R202201413","Rd 13","CD_S2022014",13,"CONCLUDED","CD_M20220141301",NA,NA,"2022-06-11T12:22:53.939+0000","1, 2, 3, 4, 29, 13, 26, 29, 4, 2, 4, 4, 5, 1, 2, 5, NA, NA, NA, NA",2,60,78,10,18,NA,"1, 2, 3, 4, 14, 37, 2, 18, 2, 6, 0, 3, 2, 1, 2, 0, NA, NA, NA, NA",1,49,57,8,9,NA,"1, 2, 3, 4, 1781, 1924, 1678, 1903, 1, 1, 1, 1, NA, NA, NA, NA, NA, NA, NA, NA","Sunny",18,"SUNNY",10,6,8,0,0,2,2,8,4,3,1,0,1,0
"North Melbourne Vs GWS Giants",2022-06-12 05:20:00,"CONCLUDED","CD_M20220141305","CD_V190","2022-06-12T05:20:00","CD_T100","CD_T1010","CD_R202201413","2022-06-12T15:20:00","NMFC V GWS","#AFLNorthGiants","North Melbourne",NA,"CD_T100","NMFC","Kangaroos","GWS Giants",NA,"CD_T1010","GWS","Giants","Melbourne","Marvel Stadium","VIC","Australia/Melbourne","CD_V190","MRVL",NA,NA,NA,NA,"Round 13","2022","CD_R202201413","Rd 13","CD_S2022014",13,"CONCLUDED","CD_M20220141305",NA,NA,"2022-06-12T08:08:47.038+0000","1, 2, 3, 4, 29, 13, 26, 29, 4, 2, 4, 4, 5, 1, 2, 5, NA, NA, NA, NA",4,0,53,7,11,NA,"1, 2, 3, 4, 14, 37, 2, 18, 2, 6, 0, 3, 2, 1, 2, 0, NA, NA, NA, NA",3,111,102,15,12,NA,"1, 2, 3, 4, 1781, 1924, 1678, 1903, 1, 1, 1, 1, NA, NA, NA, NA, NA, NA, NA, NA","Showers",13,"RAIN",7,4,2,1,0,4,0,15,5,3,0,1,3,0
"Collingwood Vs Melbourne",2022-06-13 05:20:00,"CONCLUDED","CD_M20220141302","CD_V40","2022-06-13T05:20:00","CD_T40","CD_T90","CD_R202201413","2022-06-13T15:20:00","COLL V MELB","#AFLPiesDees","Collingwood",NA,"CD_T40","COLL","Magpies","Melbourne",NA,"CD_T90","MELB","Demons","Melbourne","MCG","VIC","Australia/Melbourne","CD_V40","MCG",NA,NA,NA,NA,"Round 13","2022","CD_R202201413","Rd 13","CD_S2022014",13,"CONCLUDED","CD_M20220141302",NA,NA,"2022-06-13T08:05:25.588+0000","1, 2, 3, 4, 29, 13, 26, 29, 4, 2, 4, 4, 5, 1, 2, 5, NA, NA, NA, NA",2,33,82,12,10,NA,"1, 2, 3, 4, 14, 37, 2, 18, 2, 6, 0, 3, 2, 1, 2, 0, NA, NA, NA, NA",4,71,56,8,8,NA,"1, 2, 3, 4, 1781, 1924, 1678, 1903, 1, 1, 1, 1, NA, NA, NA, NA, NA, NA, NA, NA","Showers easing",13,"RAIN",12,6,0,2,0,2,0,8,2,1,0,1,4,0
"Richmond Vs Carlton",2022-06-16 09:20:00,"CONCLUDED","CD_M20220141404","CD_V40","2022-06-16T09:20:00","CD_T120","CD_T30","CD_R202201414","2022-06-16T19:20:00","RICH V CARL","#AFLTigersBlues","Richmond",NA,"CD_T120","RICH","Tigers","Carlton",NA,"CD_T30","CARL","Blues","Melbourne","MCG","VIC","Australia/Melbourne","CD_V40","MCG",NA,NA,NA,NA,"Round 14","2022","CD_R202201414","Rd 14","CD_S2022014",14,"CONCLUDED","CD_M20220141404",NA,NA,"2022-06-16T12:04:17.811+0000","1, 2, 3, 4, 29, 13, 26, 29, 4, 2, 4, 4, 5, 1, 2, 5, NA, NA, NA, NA",6,110,81,11,15,NA,"1, 2, 3, 4, 14, 37, 2, 18, 2, 6, 0, 3, 2, 1, 2, 0, NA, NA, NA, NA",1,0,66,9,12,NA,"1, 2, 3, 4, 1781, 1924, 1678, 1903, 1, 1, 1, 1, NA, NA, NA, NA, NA, NA, NA, NA","Showers",15,"RAIN",11,3,5,0,0,6,1,9,6,3,0,0,1,2
