"id","providerId","utcStartTime","status","compSeason.id","compSeason.providerId","compSeason.name","compSeason.shortName","compSeason.currentRoundNumber","round.id","round.providerId","round.abbreviation","round.name","round.roundNumber","round.byes","home.team.id","home.team.providerId","home.team.name","home.team.abbreviation","home.team.nickname","home.team.teamType","home.team.club.id","home.team.club.providerId","home.team.club.name","home.team.club.abbreviation","home.team.club.nickname","home.score.goals","home.score.behinds","home.score.totalScore","home.score.superGoals","away.team.id","away.team.providerId","away.team.name","away.team.abbreviation","away.team.nickname","away.team.teamType","away.team.club.id","away.team.club.providerId","away.team.club.name","away.team.club.abbreviation","away.team.club.nickname","away.score.goals","away.score.behinds","away.score.totalScore","away.score.superGoals","venue.id","venue.providerId","venue.name","venue.abbreviation","venue.location","venue.state","venue.timezone","metadata.ticket_link","compSeason.year"
3817,"CD_M20220140101","2022-03-16T08:10:00.000+0000","CONCLUDED",43,"CD_S2022014","2022 Toyota AFL Premiership","Premiership",11,588,"CD_R202201401","Rd 1","Round 1",1,"",17,"CD_T90","Melbourne","MELB","Demons","MEN",14,"CD_O18","Melbourne","Demons","Demons",14,13,97,0,8,"CD_T140","Western Bulldogs","WB","Bulldogs","MEN",25,"CD_O31","Western Bulldogs","Bulldogs","Bulldogs",11,5,71,0,13,"CD_V40","MCG","MCG","Melbourne","VIC","Australia/Melbourne","https://premier.ticketek.com.au/shows/show.aspx?sh=MELBO0122",2022
3809,"CD_M20220140102","2022-03-17T08:25:00.000+0000","CONCLUDED",43,"CD_S2022014","2022 Toyota AFL Premiership","Premiership",11,588,"CD_R202201401","Rd 1","Round 1",1,"",5,"CD_T30","Carlton","CARL","Blues","MEN",1,"CD_O5","Carlton","Blues","Blues",14,17,101,0,16,"CD_T120","Richmond","RICH","Tigers","MEN",22,"CD_O25","Richmond","Tigers","Tigers",11,10,76,0,13,"CD_V40","MCG","MCG","Melbourne","VIC","Australia/Melbourne","https://premier.ticketek.com.au/shows/show.aspx?sh=CARLT0122",2022
3811,"CD_M20220140103","2022-03-18T08:50:00.000+0000","CONCLUDED",43,"CD_S2022014","2022 Toyota AFL Premiership","Premiership",11,588,"CD_R202201401","Rd 1","Round 1",1,"",11,"CD_T130","St Kilda","STK","Saints","MEN",21,"CD_O27","St Kilda","Saints","Saints",12,13,85,0,3,"CD_T40","Collingwood","COLL","Magpies","MEN",12,"CD_O6","Collingwood","Magpies","Magpies",15,12,102,0,3,"CD_V190","Marvel Stadium","MRVL","Melbourne","VIC","Australia/Melbourne","https://www.ticketmaster.com.au/event/25005C5870FE08C4",2022
3810,"CD_M20220140104","2022-03-19T03:10:00.000+0000","CONCLUDED",43,"CD_S2022014","2022 Toyota AFL Premiership","Premiership",11,588,"CD_R202201401","Rd 1","Round 1",1,"",10,"CD_T70","Geelong Cats","GEEL","Cats","MEN",15,"CD_O11","Geelong Cats","Cats","Cats",20,18,138,0,12,"CD_T50","Essendon","ESS","Bombers","MEN",10,"CD_O9","Essendon","Bombers","Bombers",11,6,72,0,13,"CD_V40","MCG","MCG","Melbourne","VIC","Australia/Melbourne","https://premier.ticketek.com.au/shows/show.aspx?sh=GEELO0122",2022
3812,"CD_M20220140105","2022-03-19T06:10:00.000+0000","CONCLUDED",43,"CD_S2022014","2022 Toyota AFL Premiership","Premiership",11,588,"CD_R202201401","Rd 1","Round 1",1,"",15,"CD_T1010","GWS Giants","GWS","Giants","MEN",5,"CD_O16","GWS Giants","Giants","Giants",13,14,92,0,13,"CD_T160","Sydney Swans","SYD","Swans","MEN",24,"CD_O28","Sydney Swans","Swans","Swans",17,10,112,0,10,"CD_V9","Accor Stadium","ASA","Sydney","NSW","Australia/Sydney","https://premier.ticketek.com.au/shows/Show.aspx?sh=GWSG0122",2022
3813,"CD_M20220140106","2022-03-19T09:10:00.000+0000","CONCLUDED",43,"CD_S2022014","2022 Toyota AFL Premiership","Premiership",11,588,"CD_R202201401","Rd 1","Round 1",1,"",2,"CD_T20","Brisbane Lions","BL","Lions","MEN",13,"CD_O3","Brisbane Lions","Lions","Lions",11,14,80,0,7,"CD_T110","Port Adelaide","PORT","Power","MEN",19,"CD_O24","Port Adelaide","Power","Power",10,9,69,0,22,"CD_V20","Gabba","G","Brisbane","QLD","Australia/Brisbane","https://www.ticketmaster.com.au/event/13005C47BDEB6B90?CAMEFROM=CFC_AU_AFL_WEB_FIXTURECAL",2022
3814,"CD_M20220140107","2022-03-20T02:10:00.000+0000","CONCLUDED",43,"CD_S2022014","2022 Toyota AFL Premiership","Premiership",11,588,"CD_R202201401","Rd 1","Round 1",1,"",9,"CD_T80","Hawthorn","HAW","Hawks","MEN",16,"CD_O17","Hawthorn","Hawks","Hawks",11,12,78,0,6,"CD_T100","North Melbourne","NMFC","Kangaroos","MEN",20,"CD_O20","North Melbourne","Kangaroos","Kangaroos",8,10,58,0,13,"CD_V40","MCG","MCG","Melbourne","VIC","Australia/Melbourne","https://premier.ticketek.com.au/shows/show.aspx?sh=HAWTH0122",2022
3815,"CD_M20220140108","2022-03-20T05:10:00.000+0000","CONCLUDED",43,"CD_S2022014","2022 Toyota AFL Premiership","Premiership",11,588,"CD_R202201401","Rd 1","Round 1",1,"",1,"CD_T10","Adelaide Crows","ADEL","Crows","MEN",3,"CD_O1","Adelaide Crows","Crows","Crows",12,10,82,0,14,"CD_T60","Fremantle","FRE","Dockers","MEN",6,"CD_O10","Fremantle","Dockers","Dockers",11,17,83,0,31,"CD_V6","Adelaide Oval","AO","Adelaide","SA","Australia/Adelaide","https://premier.ticketek.com.au/shows/show.aspx?sh=ADELC0122",2022
3816,"CD_M20220140109","2022-03-20T08:40:00.000+0000","CONCLUDED",43,"CD_S2022014","2022 Toyota AFL Premiership","Premiership",11,588,"CD_R202201401","Rd 1","Round 1",1,"",18,"CD_T150","West Coast Eagles","WCE","Eagles","MEN",23,"CD_O30","West Coast Eagles","Eagles","Eagles",12,8,80,0,4,"CD_T1000","Gold Coast Suns","GCFC","Suns","MEN",9,"CD_O14","Gold Coast Suns","Suns","Suns",16,11,107,0,65,"CD_V2925","Optus Stadium","OS","Perth","WA","Australia/Perth","https://www.ticketmaster.com.au/afl",2022
3818,"CD_M20220140201","2022-03-24T08:20:00.000+0000","CONCLUDED",43,"CD_S2022014","2022 Toyota AFL Premiership","Premiership",11,589,"CD_R202201402","Rd 2","Round 2",2,"",8,"CD_T140","Western Bulldogs","WB","Bulldogs","MEN",25,"CD_O31","Western Bulldogs","Bulldogs","Bulldogs",13,12,90,0,5,"CD_T30","Carlton","CARL","Blues","MEN",1,"CD_O5","Carlton","Blues","Blues",16,6,102,0,3,"CD_V190","Marvel Stadium","MRVL","Melbourne","VIC","Australia/Melbourne","https://www.ticketmaster.com.au/event/25005C58856D09F3",2022
3819,"CD_M20220140202","2022-03-25T08:50:00.000+0000","CONCLUDED",43,"CD_S2022014","2022 Toyota AFL Premiership","Premiership",11,589,"CD_R202201402","Rd 2","Round 2",2,"",13,"CD_T160","Sydney Swans","SYD","Swans","MEN",24,"CD_O28","Sydney Swans","Swans","Swans",17,5,107,0,10,"CD_T70","Geelong Cats","GEEL","Cats","MEN",15,"CD_O11","Geelong Cats","Cats","Cats",10,17,77,0,9,"CD_V60","SCG","SCG","Sydney","NSW","Australia/Sydney","https://premier.ticketek.com.au/shows/Show.aspx?sh=SWA0222",2022
3821,"CD_M20220140203","2022-03-26T02:45:00.000+0000","CONCLUDED",43,"CD_S2022014","2022 Toyota AFL Premiership","Premiership",11,589,"CD_R202201402","Rd 2","Round 2",2,"",3,"CD_T40","Collingwood","COLL","Magpies","MEN",12,"CD_O6","Collingwood","Magpies","Magpies",15,10,100,0,1,"CD_T10","Adelaide Crows","ADEL","Crows","MEN",3,"CD_O1","Adelaide Crows","Crows","Crows",8,10,58,0,13,"CD_V40","MCG","MCG","Melbourne","VIC","Australia/Melbourne","https://premier.ticketek.com.au/shows/show.aspx?sh=COLLI0222",2022
3820,"CD_M20220140204","2022-03-26T05:35:00.000+0000","CONCLUDED",43,"CD_S2022014","2022 Toyota AFL Premiership","Premiership",11,589,"CD_R202201402","Rd 2","Round 2",2,"",12,"CD_T50","Essendon","ESS","Bombers","MEN",10,"CD_O9","Essendon","Bombers","Bombers",10,15,75,0,2,"CD_T20","Brisbane Lions","BL","Lions","MEN",13,"CD_O3","Brisbane Lions","Lions","Lions",15,7,97,0,3,"CD_V190","Marvel Stadium","MRVL","Melbourne","VIC","Australia/Melbourne","https://www.ticketmaster.com.au/event/25005C58877C0A2C",2022
3823,"CD_M20220140205","2022-03-26T08:40:00.000+0000","CONCLUDED",43,"CD_S2022014","2022 Toyota AFL Premiership","Premiership",11,589,"CD_R202201402","Rd 2","Round 2",2,"",7,"CD_T110","Port Adelaide","PORT","Power","MEN",19,"CD_O24","Port Adelaide","Power","Power",7,14,56,0,9,"CD_T80","Hawthorn","HAW","Hawks","MEN",16,"CD_O17","Hawthorn","Hawks","Hawks",19,6,120,0,31,"CD_V6","Adelaide Oval","AO","Adelaide","SA","Australia/Adelaide","https://premier.ticketek.com.au/shows/show.aspx?sh=PORTA0222",2022
3822,"CD_M20220140206","2022-03-26T09:00:00.000+0000","CONCLUDED",43,"CD_S2022014","2022 Toyota AFL Premiership","Premiership",11,589,"CD_R202201402","Rd 2","Round 2",2,"",4,"CD_T1000","Gold Coast Suns","GCFC","Suns","MEN",9,"CD_O14","Gold Coast Suns","Suns","Suns",10,9,69,0,17,"CD_T90","Melbourne","MELB","Demons","MEN",14,"CD_O18","Melbourne","Demons","Demons",12,10,82,0,11,"CD_V81","Metricon Stadium","MS","Gold Coast","QLD","Australia/Brisbane","https://premier.ticketek.com.au/shows/show.aspx?sh=SUNS0122",2022
3824,"CD_M20220140207","2022-03-27T02:10:00.000+0000","CONCLUDED",43,"CD_S2022014","2022 Toyota AFL Premiership","Premiership",11,589,"CD_R202201402","Rd 2","Round 2",2,"",6,"CD_T100","North Melbourne","NMFC","Kangaroos","MEN",20,"CD_O20","North Melbourne","Kangaroos","Kangaroos",10,14,74,0,18,"CD_T150","West Coast Eagles","WCE","Eagles","MEN",23,"CD_O30","West Coast Eagles","Eagles","Eagles",8,11,59,0,3,"CD_V190","Marvel Stadium","MRVL","Melbourne","VIC","Australia/Melbourne","https://www.ticketmaster.com.au/event/25005C58894B0A4F",2022
3826,"CD_M20220140208","2022-03-27T04:20:00.000+0000","CONCLUDED",43,"CD_S2022014","2022 Toyota AFL Premiership","Premiership",11,589,"CD_R202201402","Rd 2","Round 2",2,"",16,"CD_T120","Richmond","RICH","Tigers","MEN",22,"CD_O25","Richmond","Tigers","Tigers",16,13,109,0,15,"CD_T1010","GWS Giants","GWS","Giants","MEN",5,"CD_O16","GWS Giants","Giants","Giants",10,13,73,0,13,"CD_V40","MCG","MCG","Melbourne","VIC","Australia/Melbourne","https://premier.ticketek.com.au/shows/show.aspx?sh=RICHM0222",2022
3825,"CD_M20220140209","2022-03-27T07:20:00.000+0000","CONCLUDED",43,"CD_S2022014","2022 Toyota AFL Premiership","Premiership",11,589,"CD_R202201402","Rd 2","Round 2",2,"",14,"CD_T60","Fremantle","FRE","Dockers","MEN",6,"CD_O10","Fremantle","Dockers","Dockers",8,7,55,0,11,"CD_T130","St Kilda","STK","Saints","MEN",21,"CD_O27","St Kilda","Saints","Saints",9,11,65,0,65,"CD_V2925","Optus Stadium","OS","Perth","WA","Australia/Perth","https://www.ticketmaster.com.au/afl",2022
3827,"CD_M20220140301","2022-03-31T08:20:00.000+0000","CONCLUDED",43,"CD_S2022014","2022 Toyota AFL Premiership","Premiership",11,590,"CD_R202201403","Rd 3","Round 3",3,"",8,"CD_T140","Western Bulldogs","WB","Bulldogs","MEN",25,"CD_O31","Western Bulldogs","Bulldogs","Bulldogs",9,17,71,0,13,"CD_T160","Sydney Swans","SYD","Swans","MEN",24,"CD_O28","Sydney Swans","Swans","Swans",9,6,60,0,3,"CD_V190","Marvel Stadium","MRVL","Melbourne","VIC","Australia/Melbourne","https://www.ticketmaster.com.au/event/25005C58857A09F6",2022
3828,"CD_M20220140302","2022-04-01T08:20:00.000+0000","CONCLUDED",43,"CD_S2022014","2022 Toyota AFL Premiership","Premiership",11,590,"CD_R202201403","Rd 3","Round 3",3,"",17,"CD_T90","Melbourne","MELB","Demons","MEN",14,"CD_O18","Melbourne","Demons","Demons",14,15,99,0,12,"CD_T50","Essendon","ESS","Bombers","MEN",10,"CD_O9","Essendon","Bombers","Bombers",10,10,70,0,13,"CD_V40","MCG","MCG","Melbourne","VIC","Australia/Melbourne","https://premier.ticketek.com.au/shows/show.aspx?sh=MELBO0322",2022
3829,"CD_M20220140303","2022-04-01T09:20:00.000+0000","CONCLUDED",43,"CD_S2022014","2022 Toyota AFL Premiership","Premiership",11,590,"CD_R202201403","Rd 3","Round 3",3,"",1,"CD_T10","Adelaide Crows","ADEL","Crows","MEN",3,"CD_O1","Adelaide Crows","Crows","Crows",15,6,96,0,7,"CD_T110","Port Adelaide","PORT","Power","MEN",19,"CD_O24","Port Adelaide","Power","Power",13,14,92,0,31,"CD_V6","Adelaide Oval","AO","Adelaide","SA","Australia/Adelaide","https://premier.ticketek.com.au/shows/show.aspx?sh=ADELC0322",2022
3830,"CD_M20220140304","2022-04-02T05:35:00.000+0000","CONCLUDED",43,"CD_S2022014","2022 Toyota AFL Premiership","Premiership",11,590,"CD_R202201403","Rd 3","Round 3",3,"",15,"CD_T1010","GWS Giants","GWS","Giants","MEN",5,"CD_O16","GWS Giants","Giants","Giants",12,11,83,0,4,"CD_T1000","Gold Coast Suns","GCFC","Suns","MEN",9,"CD_O14","Gold Coast Suns","Suns","Suns",8,9,57,0,8,"CD_V43","GIANTS Stadium","GS","Sydney","NSW","Australia/Sydney","https://www.ticketmaster.com.au/afl",2022
3833,"CD_M20220140305","2022-04-02T08:25:00.000+0000","CONCLUDED",43,"CD_S2022014","2022 Toyota AFL Premiership","Premiership",11,590,"CD_R202201403","Rd 3","Round 3",3,"",3,"CD_T40","Collingwood","COLL","Magpies","MEN",12,"CD_O6","Collingwood","Magpies","Magpies",13,13,91,0,10,"CD_T70","Geelong Cats","GEEL","Cats","MEN",15,"CD_O11","Geelong Cats","Cats","Cats",16,8,104,0,13,"CD_V40","MCG","MCG","Melbourne","VIC","Australia/Melbourne","https://premier.ticketek.com.au/shows/show.aspx?sh=COLLI0322",2022
3831,"CD_M20220140306","2022-04-02T09:00:00.000+0000","CONCLUDED",43,"CD_S2022014","2022 Toyota AFL Premiership","Premiership",11,590,"CD_R202201403","Rd 3","Round 3",3,"",2,"CD_T20","Brisbane Lions","BL","Lions","MEN",13,"CD_O3","Brisbane Lions","Lions","Lions",23,18,156,0,6,"CD_T100","North Melbourne","NMFC","Kangaroos","MEN",20,"CD_O20","North Melbourne","Kangaroos","Kangaroos",7,6,48,0,22,"CD_V20","Gabba","G","Brisbane","QLD","Australia/Brisbane","https://www.ticketmaster.com.au/event/13005C47DFBBADE3?CAMEFROM=CFC_AU_AFL_WEB_FIXTURECAL",2022
3832,"CD_M20220140307","2022-04-03T03:10:00.000+0000","CONCLUDED",43,"CD_S2022014","2022 Toyota AFL Premiership","Premiership",11,590,"CD_R202201403","Rd 3","Round 3",3,"",5,"CD_T30","Carlton","CARL","Blues","MEN",1,"CD_O5","Carlton","Blues","Blues",11,8,74,0,9,"CD_T80","Hawthorn","HAW","Hawks","MEN",16,"CD_O17","Hawthorn","Hawks","Hawks",11,7,73,0,13,"CD_V40","MCG","MCG","Melbourne","VIC","Australia/Melbourne","https://premier.ticketek.com.au/shows/show.aspx?sh=CARLT0322",2022
3834,"CD_M20220140308","2022-04-03T05:20:00.000+0000","CONCLUDED",43,"CD_S2022014","2022 Toyota AFL Premiership","Premiership",11,590,"CD_R202201403","Rd 3","Round 3",3,"",11,"CD_T130","St Kilda","STK","Saints","MEN",21,"CD_O27","St Kilda","Saints","Saints",18,9,117,0,16,"CD_T120","Richmond","RICH","Tigers","MEN",22,"CD_O25","Richmond","Tigers","Tigers",13,6,84,0,3,"CD_V190","Marvel Stadium","MRVL","Melbourne","VIC","Australia/Melbourne","https://www.ticketmaster.com.au/event/25005C58710708CA",2022
3835,"CD_M20220140309","2022-04-03T08:20:00.000+0000","CONCLUDED",43,"CD_S2022014","2022 Toyota AFL Premiership","Premiership",11,590,"CD_R202201403","Rd 3","Round 3",3,"",18,"CD_T150","West Coast Eagles","WCE","Eagles","MEN",23,"CD_O30","West Coast Eagles","Eagles","Eagles",7,5,47,0,14,"CD_T60","Fremantle","FRE","Dockers","MEN",6,"CD_O10","Fremantle","Dockers","Dockers",15,12,102,0,65,"CD_V2925","Optus Stadium","OS","Perth","WA","Australia/Perth","https://www.ticketmaster.com.au/afl",2022
3836,"CD_M20220140401","2022-04-07T09:40:00.000+0000","CONCLUDED",43,"CD_S2022014","2022 Toyota AFL Premiership","Premiership",11,591,"CD_R202201404","Rd 4","Round 4",4,"",7,"CD_T110","Port Adelaide","PORT","Power","MEN",19,"CD_O24","Port Adelaide","Power","Power",4,12,36,0,17,"CD_T90","Melbourne","MELB","Demons","MEN",14,"CD_O18","Melbourne","Demons","Demons",10,8,68,0,31,"CD_V6","Adelaide Oval","AO","Adelaide","SA","Australia/Adelaide","https://premier.ticketek.com.au/shows/show.aspx?sh=PORTA0422",2022
3837,"CD_M20220140402","2022-04-08T09:50:00.000+0000","CONCLUDED",43,"CD_S2022014","2022 Toyota AFL Premiership","Premiership",11,591,"CD_R202201404","Rd 4","Round 4",4,"",10,"CD_T70","Geelong Cats","GEEL","Cats","MEN",15,"CD_O11","Geelong Cats","Cats","Cats",11,14,80,0,2,"CD_T20","Brisbane Lions","BL","Lions","MEN",13,"CD_O3","Brisbane Lions","Lions","Lions",11,4,70,0,15,"CD_V30","GMHBA Stadium","GMHBA","Geelong","VIC","Australia/Melbourne","https://www.ticketmaster.com.au/afl",2022
3838,"CD_M20220140403","2022-04-09T04:40:00.000+0000","CONCLUDED",43,"CD_S2022014","2022 Toyota AFL Premiership","Premiership",11,591,"CD_R202201404","Rd 4","Round 4",4,"",13,"CD_T160","Sydney Swans","SYD","Swans","MEN",24,"CD_O28","Sydney Swans","Swans","Swans",13,8,86,0,6,"CD_T100","North Melbourne","NMFC","Kangaroos","MEN",20,"CD_O20","North Melbourne","Kangaroos","Kangaroos",12,3,75,0,9,"CD_V60","SCG","SCG","Sydney","NSW","Australia/Sydney","https://premier.ticketek.com.au/shows/Show.aspx?sh=SWA0422",2022
3839,"CD_M20220140404","2022-04-09T06:35:00.000+0000","CONCLUDED",43,"CD_S2022014","2022 Toyota AFL Premiership","Premiership",11,591,"CD_R202201404","Rd 4","Round 4",4,"",3,"CD_T40","Collingwood","COLL","Magpies","MEN",12,"CD_O6","Collingwood","Magpies","Magpies",10,14,74,0,18,"CD_T150","West Coast Eagles","WCE","Eagles","MEN",23,"CD_O30","West Coast Eagles","Eagles","Eagles",14,3,87,0,3,"CD_V190","Marvel Stadium","MRVL","Melbourne","VIC","Australia/Melbourne","https://www.ticketmaster.com.au/event/25005C5890230AE1",2022
3841,"CD_M20220140405","2022-04-09T09:25:00.000+0000","CONCLUDED",43,"CD_S2022014","2022 Toyota AFL Premiership","Premiership",11,591,"CD_R202201404","Rd 4","Round 4",4,"",16,"CD_T120","Richmond","RICH","Tigers","MEN",22,"CD_O25","Richmond","Tigers","Tigers",15,9,99,0,8,"CD_T140","Western Bulldogs","WB","Bulldogs","MEN",25,"CD_O31","Western Bulldogs","Bulldogs","Bulldogs",7,19,61,0,13,"CD_V40","MCG","MCG","Melbourne","VIC","Australia/Melbourne","https://premier.ticketek.com.au/shows/show.aspx?sh=RICHM0422",2022
3840,"CD_M20220140406","2022-04-09T09:25:00.000+0000","CONCLUDED",43,"CD_S2022014","2022 Toyota AFL Premiership","Premiership",11,591,"CD_R202201404","Rd 4","Round 4",4,"",14,"CD_T60","Fremantle","FRE","Dockers","MEN",6,"CD_O10","Fremantle","Dockers","Dockers",13,10,88,0,15,"CD_T1010","GWS Giants","GWS","Giants","MEN",5,"CD_O16","GWS Giants","Giants","Giants",8,6,54,0,65,"CD_V2925","Optus Stadium","OS","Perth","WA","Australia/Perth",NA,2022
3842,"CD_M20220140407","2022-04-10T03:10:00.000+0000","CONCLUDED",43,"CD_S2022014","2022 Toyota AFL Premiership","Premiership",11,591,"CD_R202201404","Rd 4","Round 4",4,"",12,"CD_T50","Essendon","ESS","Bombers","MEN",10,"CD_O9","Essendon","Bombers","Bombers",15,13,103,0,1,"CD_T10","Adelaide Crows","ADEL","Crows","MEN",3,"CD_O1","Adelaide Crows","Crows","Crows",15,9,99,0,3,"CD_V190","Marvel Stadium","MRVL","Melbourne","VIC","Australia/Melbourne","https://www.ticketmaster.com.au/event/25005C5887860A2E",2022
3843,"CD_M20220140408","2022-04-10T05:20:00.000+0000","CONCLUDED",43,"CD_S2022014","2022 Toyota AFL Premiership","Premiership",11,591,"CD_R202201404","Rd 4","Round 4",4,"",9,"CD_T80","Hawthorn","HAW","Hawks","MEN",16,"CD_O17","Hawthorn","Hawks","Hawks",10,13,73,0,11,"CD_T130","St Kilda","STK","Saints","MEN",21,"CD_O27","St Kilda","Saints","Saints",22,10,142,0,13,"CD_V40","MCG","MCG","Melbourne","VIC","Australia/Melbourne","https://premier.ticketek.com.au/shows/show.aspx?sh=HAWTH0422",2022
3844,"CD_M20220140409","2022-04-10T06:10:00.000+0000","CONCLUDED",43,"CD_S2022014","2022 Toyota AFL Premiership","Premiership",11,591,"CD_R202201404","Rd 4","Round 4",4,"",4,"CD_T1000","Gold Coast Suns","GCFC","Suns","MEN",9,"CD_O14","Gold Coast Suns","Suns","Suns",13,14,92,0,5,"CD_T30","Carlton","CARL","Blues","MEN",1,"CD_O5","Carlton","Blues","Blues",8,14,62,0,11,"CD_V81","Metricon Stadium","MS","Gold Coast","QLD","Australia/Brisbane","https://premier.ticketek.com.au/shows/show.aspx?sh=SUNS0222",2022
3845,"CD_M20220140501","2022-04-14T09:35:00.000+0000","CONCLUDED",43,"CD_S2022014","2022 Toyota AFL Premiership","Premiership",11,592,"CD_R202201405","Rd 5","Round 5",5,"",2,"CD_T20","Brisbane Lions","BL","Lions","MEN",13,"CD_O3","Brisbane Lions","Lions","Lions",15,8,98,0,3,"CD_T40","Collingwood","COLL","Magpies","MEN",12,"CD_O6","Collingwood","Magpies","Magpies",14,7,91,0,22,"CD_V20","Gabba","G","Brisbane","QLD","Australia/Brisbane","https://www.ticketmaster.com.au/afl",2022
3846,"CD_M20220140502","2022-04-15T06:20:00.000+0000","CONCLUDED",43,"CD_S2022014","2022 Toyota AFL Premiership","Premiership",11,592,"CD_R202201405","Rd 5","Round 5",5,"",6,"CD_T100","North Melbourne","NMFC","Kangaroos","MEN",20,"CD_O20","North Melbourne","Kangaroos","Kangaroos",11,5,71,0,8,"CD_T140","Western Bulldogs","WB","Bulldogs","MEN",25,"CD_O31","Western Bulldogs","Bulldogs","Bulldogs",21,13,139,0,3,"CD_V190","Marvel Stadium","MRVL","Melbourne","VIC","Australia/Melbourne","https://www.ticketmaster.com.au/event/25005C5889570A59",2022
3847,"CD_M20220140503","2022-04-15T09:40:00.000+0000","CONCLUDED",43,"CD_S2022014","2022 Toyota AFL Premiership","Premiership",11,592,"CD_R202201405","Rd 5","Round 5",5,"",18,"CD_T150","West Coast Eagles","WCE","Eagles","MEN",23,"CD_O30","West Coast Eagles","Eagles","Eagles",9,4,58,0,13,"CD_T160","Sydney Swans","SYD","Swans","MEN",24,"CD_O28","Sydney Swans","Swans","Swans",18,13,121,0,65,"CD_V2925","Optus Stadium","OS","Perth","WA","Australia/Perth","https://www.ticketmaster.com.au/afl",2022
3848,"CD_M20220140504","2022-04-16T03:45:00.000+0000","CONCLUDED",43,"CD_S2022014","2022 Toyota AFL Premiership","Premiership",11,592,"CD_R202201405","Rd 5","Round 5",5,"",11,"CD_T130","St Kilda","STK","Saints","MEN",21,"CD_O27","St Kilda","Saints","Saints",13,9,87,0,4,"CD_T1000","Gold Coast Suns","GCFC","Suns","MEN",9,"CD_O14","Gold Coast Suns","Suns","Suns",9,7,61,0,3,"CD_V190","Marvel Stadium","MRVL","Melbourne","VIC","Australia/Melbourne","https://www.ticketmaster.com.au/event/25005C58710B08D3",2022
3849,"CD_M20220140505","2022-04-16T06:35:00.000+0000","CONCLUDED",43,"CD_S2022014","2022 Toyota AFL Premiership","Premiership",11,592,"CD_R202201405","Rd 5","Round 5",5,"",1,"CD_T10","Adelaide Crows","ADEL","Crows","MEN",3,"CD_O1","Adelaide Crows","Crows","Crows",15,11,101,0,16,"CD_T120","Richmond","RICH","Tigers","MEN",22,"CD_O25","Richmond","Tigers","Tigers",12,10,82,0,31,"CD_V6","Adelaide Oval","AO","Adelaide","SA","Australia/Adelaide","https://premier.ticketek.com.au/shows/show.aspx?sh=ADELC0522",2022
3851,"CD_M20220140506","2022-04-16T09:25:00.000+0000","CONCLUDED",43,"CD_S2022014","2022 Toyota AFL Premiership","Premiership",11,592,"CD_R202201405","Rd 5","Round 5",5,"",17,"CD_T90","Melbourne","MELB","Demons","MEN",14,"CD_O18","Melbourne","Demons","Demons",19,6,120,0,15,"CD_T1010","GWS Giants","GWS","Giants","MEN",5,"CD_O16","GWS Giants","Giants","Giants",7,11,53,0,13,"CD_V40","MCG","MCG","Melbourne","VIC","Australia/Melbourne","https://premier.ticketek.com.au/shows/show.aspx?sh=MELBO0522",2022
3850,"CD_M20220140507","2022-04-17T03:40:00.000+0000","CONCLUDED",43,"CD_S2022014","2022 Toyota AFL Premiership","Premiership",11,592,"CD_R202201405","Rd 5","Round 5",5,"",5,"CD_T30","Carlton","CARL","Blues","MEN",1,"CD_O5","Carlton","Blues","Blues",14,10,94,0,7,"CD_T110","Port Adelaide","PORT","Power","MEN",19,"CD_O24","Port Adelaide","Power","Power",13,13,91,0,13,"CD_V40","MCG","MCG","Melbourne","VIC","Australia/Melbourne","https://premier.ticketek.com.au/shows/show.aspx?sh=CARLT0522",2022
3852,"CD_M20220140508","2022-04-17T06:40:00.000+0000","CONCLUDED",43,"CD_S2022014","2022 Toyota AFL Premiership","Premiership",11,592,"CD_R202201405","Rd 5","Round 5",5,"",12,"CD_T50","Essendon","ESS","Bombers","MEN",10,"CD_O9","Essendon","Bombers","Bombers",8,11,59,0,14,"CD_T60","Fremantle","FRE","Dockers","MEN",6,"CD_O10","Fremantle","Dockers","Dockers",16,11,107,0,3,"CD_V190","Marvel Stadium","MRVL","Melbourne","VIC","Australia/Melbourne","https://www.ticketmaster.com.au/event/25005C58878B0A31",2022
3853,"CD_M20220140509","2022-04-18T05:20:00.000+0000","CONCLUDED",43,"CD_S2022014","2022 Toyota AFL Premiership","Premiership",11,592,"CD_R202201405","Rd 5","Round 5",5,"",9,"CD_T80","Hawthorn","HAW","Hawks","MEN",16,"CD_O17","Hawthorn","Hawks","Hawks",14,8,92,0,10,"CD_T70","Geelong Cats","GEEL","Cats","MEN",15,"CD_O11","Geelong Cats","Cats","Cats",11,14,80,0,13,"CD_V40","MCG","MCG","Melbourne","VIC","Australia/Melbourne","https://premier.ticketek.com.au/shows/show.aspx?sh=HAWTH0522",2022
3854,"CD_M20220140601","2022-04-22T09:50:00.000+0000","CONCLUDED",43,"CD_S2022014","2022 Toyota AFL Premiership","Premiership",11,593,"CD_R202201406","Rd 6","Round 6",6,"",15,"CD_T1010","GWS Giants","GWS","Giants","MEN",5,"CD_O16","GWS Giants","Giants","Giants",8,12,60,0,11,"CD_T130","St Kilda","STK","Saints","MEN",21,"CD_O27","St Kilda","Saints","Saints",10,17,77,0,5,"CD_V150","Manuka Oval","MO","Canberra","ACT","Australia/Canberra","https://premier.ticketek.com.au/shows/show.aspx?sh=GIANTS0622",2022
3855,"CD_M20220140602","2022-04-23T03:45:00.000+0000","CONCLUDED",43,"CD_S2022014","2022 Toyota AFL Premiership","Premiership",11,593,"CD_R202201406","Rd 6","Round 6",6,"",8,"CD_T140","Western Bulldogs","WB","Bulldogs","MEN",25,"CD_O31","Western Bulldogs","Bulldogs","Bulldogs",9,8,62,0,1,"CD_T10","Adelaide Crows","ADEL","Crows","MEN",3,"CD_O1","Adelaide Crows","Crows","Crows",8,15,63,0,24,"CD_V313","Mars Stadium","MARS","Ballarat","VIC","Australia/Melbourne","https://www.ticketmaster.com.au/western-bulldogs-v-adelaide-crows-ballarat-23-04-2022/event/13005C8597451C5D",2022
3856,"CD_M20220140603","2022-04-23T06:35:00.000+0000","CONCLUDED",43,"CD_S2022014","2022 Toyota AFL Premiership","Premiership",11,593,"CD_R202201406","Rd 6","Round 6",6,"",7,"CD_T110","Port Adelaide","PORT","Power","MEN",19,"CD_O24","Port Adelaide","Power","Power",18,9,117,0,18,"CD_T150","West Coast Eagles","WCE","Eagles","MEN",23,"CD_O30","West Coast Eagles","Eagles","Eagles",4,9,33,0,31,"CD_V6","Adelaide Oval","AO","Adelaide","SA","Australia/Adelaide","https://premier.ticketek.com.au/shows/show.aspx?sh=PORTA0622",2022
3857,"CD_M20220140604","2022-04-23T09:40:00.000+0000","CONCLUDED",43,"CD_S2022014","2022 Toyota AFL Premiership","Premiership",11,593,"CD_R202201406","Rd 6","Round 6",6,"",14,"CD_T60","Fremantle","FRE","Dockers","MEN",6,"CD_O10","Fremantle","Dockers","Dockers",14,13,97,0,5,"CD_T30","Carlton","CARL","Blues","MEN",1,"CD_O5","Carlton","Blues","Blues",9,8,62,0,65,"CD_V2925","Optus Stadium","OS","Perth","WA","Australia/Perth","https://www.ticketmaster.com.au/fremantle-tickets/artist/1055677",2022
3858,"CD_M20220140605","2022-04-24T03:10:00.000+0000","CONCLUDED",43,"CD_S2022014","2022 Toyota AFL Premiership","Premiership",11,593,"CD_R202201406","Rd 6","Round 6",6,"",6,"CD_T100","North Melbourne","NMFC","Kangaroos","MEN",20,"CD_O20","North Melbourne","Kangaroos","Kangaroos",9,7,61,0,10,"CD_T70","Geelong Cats","GEEL","Cats","MEN",15,"CD_O11","Geelong Cats","Cats","Cats",17,19,121,0,7,"CD_V2","Blundstone Arena","BA","Hobart","TAS","Australia/Hobart","https://premier.ticketek.com.au/shows/Show.aspx?sh=NORTH0622",2022
3859,"CD_M20220140606","2022-04-24T06:10:00.000+0000","CONCLUDED",43,"CD_S2022014","2022 Toyota AFL Premiership","Premiership",11,593,"CD_R202201406","Rd 6","Round 6",6,"",4,"CD_T1000","Gold Coast Suns","GCFC","Suns","MEN",9,"CD_O14","Gold Coast Suns","Suns","Suns",11,14,80,0,2,"CD_T20","Brisbane Lions","BL","Lions","MEN",13,"CD_O3","Brisbane Lions","Lions","Lions",21,6,132,0,11,"CD_V81","Metricon Stadium","MS","Gold Coast","QLD","Australia/Brisbane","https://premier.ticketek.com.au/shows/show.aspx?sh=SUNS0322",2022
3860,"CD_M20220140607","2022-04-24T09:25:00.000+0000","CONCLUDED",43,"CD_S2022014","2022 Toyota AFL Premiership","Premiership",11,593,"CD_R202201406","Rd 6","Round 6",6,"",16,"CD_T120","Richmond","RICH","Tigers","MEN",22,"CD_O25","Richmond","Tigers","Tigers",8,6,54,0,17,"CD_T90","Melbourne","MELB","Demons","MEN",14,"CD_O18","Melbourne","Demons","Demons",9,22,76,0,13,"CD_V40","MCG","MCG","Melbourne","VIC","Australia/Melbourne","https://premier.ticketek.com.au/shows/show.aspx?sh=RICHM0622",2022
3861,"CD_M20220140608","2022-04-25T02:30:00.000+0000","CONCLUDED",43,"CD_S2022014","2022 Toyota AFL Premiership","Premiership",11,593,"CD_R202201406","Rd 6","Round 6",6,"",9,"CD_T80","Hawthorn","HAW","Hawks","MEN",16,"CD_O17","Hawthorn","Hawks","Hawks",10,8,68,0,13,"CD_T160","Sydney Swans","SYD","Swans","MEN",24,"CD_O28","Sydney Swans","Swans","Swans",16,13,109,0,4,"CD_V200","University of Tasmania Stadium","UTAS","Launceston","TAS","Australia/Hobart","https://www.ticketmaster.com.au/event/25005C7CD8F232F6",2022
3862,"CD_M20220140609","2022-04-25T05:20:00.000+0000","CONCLUDED",43,"CD_S2022014","2022 Toyota AFL Premiership","Premiership",11,593,"CD_R202201406","Rd 6","Round 6",6,"",12,"CD_T50","Essendon","ESS","Bombers","MEN",10,"CD_O9","Essendon","Bombers","Bombers",12,10,82,0,3,"CD_T40","Collingwood","COLL","Magpies","MEN",12,"CD_O6","Collingwood","Magpies","Magpies",15,3,93,0,13,"CD_V40","MCG","MCG","Melbourne","VIC","Australia/Melbourne","https://premier.ticketek.com.au/shows/show.aspx?sh=ESSEN0622",2022
3863,"CD_M20220140701","2022-04-29T10:10:00.000+0000","CONCLUDED",43,"CD_S2022014","2022 Toyota AFL Premiership","Premiership",11,594,"CD_R202201407","Rd 7","Round 7",7,"",18,"CD_T150","West Coast Eagles","WCE","Eagles","MEN",23,"CD_O30","West Coast Eagles","Eagles","Eagles",8,8,56,0,16,"CD_T120","Richmond","RICH","Tigers","MEN",22,"CD_O25","Richmond","Tigers","Tigers",25,15,165,0,65,"CD_V2925","Optus Stadium","OS","Perth","WA","Australia/Perth","https://www.ticketmaster.com.au/event/25005C68B2BF2022",2022
3865,"CD_M20220140702","2022-04-30T03:45:00.000+0000","CONCLUDED",43,"CD_S2022014","2022 Toyota AFL Premiership","Premiership",11,594,"CD_R202201407","Rd 7","Round 7",7,"",10,"CD_T70","Geelong Cats","GEEL","Cats","MEN",15,"CD_O11","Geelong Cats","Cats","Cats",10,6,66,0,14,"CD_T60","Fremantle","FRE","Dockers","MEN",6,"CD_O10","Fremantle","Dockers","Dockers",10,9,69,0,15,"CD_V30","GMHBA Stadium","GMHBA","Geelong","VIC","Australia/Melbourne","https://www.ticketmaster.com.au/event/25005C72B89526F8",2022
3864,"CD_M20220140703","2022-04-30T04:10:00.000+0000","CONCLUDED",43,"CD_S2022014","2022 Toyota AFL Premiership","Premiership",11,594,"CD_R202201407","Rd 7","Round 7",7,"",1,"CD_T10","Adelaide Crows","ADEL","Crows","MEN",3,"CD_O1","Adelaide Crows","Crows","Crows",8,6,54,0,15,"CD_T1010","GWS Giants","GWS","Giants","MEN",5,"CD_O16","GWS Giants","Giants","Giants",17,11,113,0,31,"CD_V6","Adelaide Oval","AO","Adelaide","SA","Australia/Adelaide","https://premier.ticketek.com.au/shows/show.aspx?sh=ADELC0722",2022
3866,"CD_M20220140704","2022-04-30T06:35:00.000+0000","CONCLUDED",43,"CD_S2022014","2022 Toyota AFL Premiership","Premiership",11,594,"CD_R202201407","Rd 7","Round 7",7,"",17,"CD_T90","Melbourne","MELB","Demons","MEN",14,"CD_O18","Melbourne","Demons","Demons",13,13,91,0,9,"CD_T80","Hawthorn","HAW","Hawks","MEN",16,"CD_O17","Hawthorn","Hawks","Hawks",11,15,81,0,13,"CD_V40","MCG","MCG","Melbourne","VIC","Australia/Melbourne","https://premier.ticketek.com.au/shows/show.aspx?sh=MELBO0722",2022
3867,"CD_M20220140705","2022-04-30T09:25:00.000+0000","CONCLUDED",43,"CD_S2022014","2022 Toyota AFL Premiership","Premiership",11,594,"CD_R202201407","Rd 7","Round 7",7,"",11,"CD_T130","St Kilda","STK","Saints","MEN",21,"CD_O27","St Kilda","Saints","Saints",4,18,42,0,7,"CD_T110","Port Adelaide","PORT","Power","MEN",19,"CD_O24","Port Adelaide","Power","Power",5,13,43,0,2,"CD_V181","Cazalys Stadium","CS","Cairns","QLD","Australia/Brisbane","https://premier.ticketek.com.au/shows/show.aspx?sh=STKL0122",2022
3870,"CD_M20220140706","2022-04-30T09:25:00.000+0000","CONCLUDED",43,"CD_S2022014","2022 Toyota AFL Premiership","Premiership",11,594,"CD_R202201407","Rd 7","Round 7",7,"",5,"CD_T30","Carlton","CARL","Blues","MEN",1,"CD_O5","Carlton","Blues","Blues",17,12,114,0,6,"CD_T100","North Melbourne","NMFC","Kangaroos","MEN",20,"CD_O20","North Melbourne","Kangaroos","Kangaroos",10,4,64,0,3,"CD_V190","Marvel Stadium","MRVL","Melbourne","VIC","Australia/Melbourne","https://www.ticketmaster.com.au/event/25005C7F85611308",2022
3869,"CD_M20220140707","2022-05-01T03:10:00.000+0000","CONCLUDED",43,"CD_S2022014","2022 Toyota AFL Premiership","Premiership",11,594,"CD_R202201407","Rd 7","Round 7",7,"",3,"CD_T40","Collingwood","COLL","Magpies","MEN",12,"CD_O6","Collingwood","Magpies","Magpies",17,13,115,0,4,"CD_T1000","Gold Coast Suns","GCFC","Suns","MEN",9,"CD_O14","Gold Coast Suns","Suns","Suns",14,6,90,0,13,"CD_V40","MCG","MCG","Melbourne","VIC","Australia/Melbourne","https://premier.ticketek.com.au/shows/show.aspx?sh=COLLI0722",2022
3868,"CD_M20220140708","2022-05-01T05:20:00.000+0000","CONCLUDED",43,"CD_S2022014","2022 Toyota AFL Premiership","Premiership",11,594,"CD_R202201407","Rd 7","Round 7",7,"",8,"CD_T140","Western Bulldogs","WB","Bulldogs","MEN",25,"CD_O31","Western Bulldogs","Bulldogs","Bulldogs",16,7,103,0,12,"CD_T50","Essendon","ESS","Bombers","MEN",10,"CD_O9","Essendon","Bombers","Bombers",10,11,71,0,3,"CD_V190","Marvel Stadium","MRVL","Melbourne","VIC","Australia/Melbourne","https://www.ticketmaster.com.au/event/25005C7EA9F91E5D",2022
3871,"CD_M20220140709","2022-05-01T06:40:00.000+0000","CONCLUDED",43,"CD_S2022014","2022 Toyota AFL Premiership","Premiership",11,594,"CD_R202201407","Rd 7","Round 7",7,"",13,"CD_T160","Sydney Swans","SYD","Swans","MEN",24,"CD_O28","Sydney Swans","Swans","Swans",13,11,89,0,2,"CD_T20","Brisbane Lions","BL","Lions","MEN",13,"CD_O3","Brisbane Lions","Lions","Lions",17,11,113,0,9,"CD_V60","SCG","SCG","Sydney","NSW","Australia/Sydney","https://premier.ticketek.com.au/shows/Show.aspx?sh=SWA0722",2022
3873,"CD_M20220140801","2022-05-06T09:30:00.000+0000","CONCLUDED",43,"CD_S2022014","2022 Toyota AFL Premiership","Premiership",11,595,"CD_R202201408","Rd 8","Round 8",8,"",7,"CD_T110","Port Adelaide","PORT","Power","MEN",19,"CD_O24","Port Adelaide","Power","Power",12,14,86,0,8,"CD_T140","Western Bulldogs","WB","Bulldogs","MEN",25,"CD_O31","Western Bulldogs","Bulldogs","Bulldogs",10,9,69,0,31,"CD_V6","Adelaide Oval","AO","Adelaide","SA","Australia/Adelaide","https://premier.ticketek.com.au/shows/show.aspx?sh=PORTA0822",2022
3872,"CD_M20220140802","2022-05-06T10:40:00.000+0000","CONCLUDED",43,"CD_S2022014","2022 Toyota AFL Premiership","Premiership",11,595,"CD_R202201408","Rd 8","Round 8",8,"",14,"CD_T60","Fremantle","FRE","Dockers","MEN",6,"CD_O10","Fremantle","Dockers","Dockers",15,12,102,0,6,"CD_T100","North Melbourne","NMFC","Kangaroos","MEN",20,"CD_O20","North Melbourne","Kangaroos","Kangaroos",3,6,24,0,65,"CD_V2925","Optus Stadium","OS","Perth","WA","Australia/Perth","https://www.ticketmaster.com.au/fremantle-tickets/artist/1055677",2022
3874,"CD_M20220140803","2022-05-07T03:45:00.000+0000","CONCLUDED",43,"CD_S2022014","2022 Toyota AFL Premiership","Premiership",11,595,"CD_R202201408","Rd 8","Round 8",8,"",16,"CD_T120","Richmond","RICH","Tigers","MEN",22,"CD_O25","Richmond","Tigers","Tigers",17,11,113,0,3,"CD_T40","Collingwood","COLL","Magpies","MEN",12,"CD_O6","Collingwood","Magpies","Magpies",12,14,86,0,13,"CD_V40","MCG","MCG","Melbourne","VIC","Australia/Melbourne","https://premier.ticketek.com.au/shows/show.aspx?sh=RICHM0822",2022
3875,"CD_M20220140804","2022-05-07T03:45:00.000+0000","CONCLUDED",43,"CD_S2022014","2022 Toyota AFL Premiership","Premiership",11,595,"CD_R202201408","Rd 8","Round 8",8,"",13,"CD_T160","Sydney Swans","SYD","Swans","MEN",24,"CD_O28","Sydney Swans","Swans","Swans",8,13,61,0,4,"CD_T1000","Gold Coast Suns","GCFC","Suns","MEN",9,"CD_O14","Gold Coast Suns","Suns","Suns",10,15,75,0,9,"CD_V60","SCG","SCG","Sydney","NSW","Australia/Sydney","https://premier.ticketek.com.au/shows/Show.aspx?sh=SWA0822",2022
3876,"CD_M20220140805","2022-05-07T06:35:00.000+0000","CONCLUDED",43,"CD_S2022014","2022 Toyota AFL Premiership","Premiership",11,595,"CD_R202201408","Rd 8","Round 8",8,"",15,"CD_T1010","GWS Giants","GWS","Giants","MEN",5,"CD_O16","GWS Giants","Giants","Giants",4,11,35,0,10,"CD_T70","Geelong Cats","GEEL","Cats","MEN",15,"CD_O11","Geelong Cats","Cats","Cats",12,16,88,0,5,"CD_V150","Manuka Oval","MO","Canberra","ACT","Australia/Canberra","https://premier.ticketek.com.au/shows/show.aspx?sh=GIANTS0822",2022
3877,"CD_M20220140806","2022-05-07T09:25:00.000+0000","CONCLUDED",43,"CD_S2022014","2022 Toyota AFL Premiership","Premiership",11,595,"CD_R202201408","Rd 8","Round 8",8,"",12,"CD_T50","Essendon","ESS","Bombers","MEN",10,"CD_O9","Essendon","Bombers","Bombers",16,12,108,0,9,"CD_T80","Hawthorn","HAW","Hawks","MEN",16,"CD_O17","Hawthorn","Hawks","Hawks",11,15,81,0,3,"CD_V190","Marvel Stadium","MRVL","Melbourne","VIC","Australia/Melbourne","https://www.ticketmaster.com.au/event/25005C7EB05B2269",2022
3878,"CD_M20220140807","2022-05-07T09:25:00.000+0000","CONCLUDED",43,"CD_S2022014","2022 Toyota AFL Premiership","Premiership",11,595,"CD_R202201408","Rd 8","Round 8",8,"",2,"CD_T20","Brisbane Lions","BL","Lions","MEN",13,"CD_O3","Brisbane Lions","Lions","Lions",16,9,105,0,18,"CD_T150","West Coast Eagles","WCE","Eagles","MEN",23,"CD_O30","West Coast Eagles","Eagles","Eagles",4,6,30,0,22,"CD_V20","Gabba","G","Brisbane","QLD","Australia/Brisbane","https://www.ticketmaster.com.au/event/13005C47DFC9ADE7",2022
3880,"CD_M20220140808","2022-05-08T03:10:00.000+0000","CONCLUDED",43,"CD_S2022014","2022 Toyota AFL Premiership","Premiership",11,595,"CD_R202201408","Rd 8","Round 8",8,"",17,"CD_T90","Melbourne","MELB","Demons","MEN",14,"CD_O18","Melbourne","Demons","Demons",14,9,93,0,11,"CD_T130","St Kilda","STK","Saints","MEN",21,"CD_O27","St Kilda","Saints","Saints",8,7,55,0,13,"CD_V40","MCG","MCG","Melbourne","VIC","Australia/Melbourne","https://premier.ticketek.com.au/shows/show.aspx?sh=MELBO0822",2022
3879,"CD_M20220140809","2022-05-08T06:40:00.000+0000","CONCLUDED",43,"CD_S2022014","2022 Toyota AFL Premiership","Premiership",11,595,"CD_R202201408","Rd 8","Round 8",8,"",5,"CD_T30","Carlton","CARL","Blues","MEN",1,"CD_O5","Carlton","Blues","Blues",17,14,116,0,1,"CD_T10","Adelaide Crows","ADEL","Crows","MEN",3,"CD_O1","Adelaide Crows","Crows","Crows",10,8,68,0,3,"CD_V190","Marvel Stadium","MRVL","Melbourne","VIC","Australia/Melbourne","https://www.ticketmaster.com.au/event/25005C7F863A13DC",2022
3881,"CD_M20220140901","2022-05-13T09:50:00.000+0000","CONCLUDED",43,"CD_S2022014","2022 Toyota AFL Premiership","Premiership",11,596,"CD_R202201409","Rd 9","Round 9",9,"",3,"CD_T40","Collingwood","COLL","Magpies","MEN",12,"CD_O6","Collingwood","Magpies","Magpies",7,9,51,0,8,"CD_T140","Western Bulldogs","WB","Bulldogs","MEN",25,"CD_O31","Western Bulldogs","Bulldogs","Bulldogs",14,15,99,0,3,"CD_V190","Marvel Stadium","MRVL","Melbourne","VIC","Australia/Melbourne","https://www.ticketmaster.com.au/event/25005C7EB18328A2",2022
3882,"CD_M20220140902","2022-05-14T03:45:00.000+0000","CONCLUDED",43,"CD_S2022014","2022 Toyota AFL Premiership","Premiership",11,596,"CD_R202201409","Rd 9","Round 9",9,"",9,"CD_T80","Hawthorn","HAW","Hawks","MEN",16,"CD_O17","Hawthorn","Hawks","Hawks",14,10,94,0,16,"CD_T120","Richmond","RICH","Tigers","MEN",22,"CD_O25","Richmond","Tigers","Tigers",17,15,117,0,13,"CD_V40","MCG","MCG","Melbourne","VIC","Australia/Melbourne","https://premier.ticketek.com.au/shows/show.aspx?sh=HAWTH0922",2022
3883,"CD_M20220140903","2022-05-14T04:10:00.000+0000","CONCLUDED",43,"CD_S2022014","2022 Toyota AFL Premiership","Premiership",11,596,"CD_R202201409","Rd 9","Round 9",9,"",6,"CD_T100","North Melbourne","NMFC","Kangaroos","MEN",20,"CD_O20","North Melbourne","Kangaroos","Kangaroos",6,10,46,0,7,"CD_T110","Port Adelaide","PORT","Power","MEN",19,"CD_O24","Port Adelaide","Power","Power",17,13,115,0,7,"CD_V2","Blundstone Arena","BA","Hobart","TAS","Australia/Hobart","https://premier.ticketek.com.au/shows/Show.aspx?sh=NORTH0922",2022
3884,"CD_M20220140904","2022-05-14T06:35:00.000+0000","CONCLUDED",43,"CD_S2022014","2022 Toyota AFL Premiership","Premiership",11,596,"CD_R202201409","Rd 9","Round 9",9,"",11,"CD_T130","St Kilda","STK","Saints","MEN",21,"CD_O27","St Kilda","Saints","Saints",13,12,90,0,10,"CD_T70","Geelong Cats","GEEL","Cats","MEN",15,"CD_O11","Geelong Cats","Cats","Cats",11,14,80,0,3,"CD_V190","Marvel Stadium","MRVL","Melbourne","VIC","Australia/Melbourne","https://www.ticketmaster.com.au/event/25005C7EB9692E11",2022
3886,"CD_M20220140905","2022-05-14T09:25:00.000+0000","CONCLUDED",43,"CD_S2022014","2022 Toyota AFL Premiership","Premiership",11,596,"CD_R202201409","Rd 9","Round 9",9,"",13,"CD_T160","Sydney Swans","SYD","Swans","MEN",24,"CD_O28","Sydney Swans","Swans","Swans",14,21,105,0,12,"CD_T50","Essendon","ESS","Bombers","MEN",10,"CD_O9","Essendon","Bombers","Bombers",6,11,47,0,9,"CD_V60","SCG","SCG","Sydney","NSW","Australia/Sydney","https://premier.ticketek.com.au/shows/Show.aspx?sh=SWA0922",2022
3885,"CD_M20220140906","2022-05-14T09:40:00.000+0000","CONCLUDED",43,"CD_S2022014","2022 Toyota AFL Premiership","Premiership",11,596,"CD_R202201409","Rd 9","Round 9",9,"",1,"CD_T10","Adelaide Crows","ADEL","Crows","MEN",3,"CD_O1","Adelaide Crows","Crows","Crows",9,12,66,0,2,"CD_T20","Brisbane Lions","BL","Lions","MEN",13,"CD_O3","Brisbane Lions","Lions","Lions",16,6,102,0,31,"CD_V6","Adelaide Oval","AO","Adelaide","SA","Australia/Adelaide","https://premier.ticketek.com.au/shows/show.aspx?sh=ADELC0922",2022
3887,"CD_M20220140907","2022-05-15T03:40:00.000+0000","CONCLUDED",43,"CD_S2022014","2022 Toyota AFL Premiership","Premiership",11,596,"CD_R202201409","Rd 9","Round 9",9,"",4,"CD_T1000","Gold Coast Suns","GCFC","Suns","MEN",9,"CD_O14","Gold Coast Suns","Suns","Suns",10,9,69,0,14,"CD_T60","Fremantle","FRE","Dockers","MEN",6,"CD_O10","Fremantle","Dockers","Dockers",4,9,33,0,11,"CD_V81","Metricon Stadium","MS","Gold Coast","QLD","Australia/Brisbane","https://premier.ticketek.com.au/shows/show.aspx?sh=SUNS0422",2022
3888,"CD_M20220140908","2022-05-15T05:20:00.000+0000","CONCLUDED",43,"CD_S2022014","2022 Toyota AFL Premiership","Premiership",11,596,"CD_R202201409","Rd 9","Round 9",9,"",15,"CD_T1010","GWS Giants","GWS","Giants","MEN",5,"CD_O16","GWS Giants","Giants","Giants",11,9,75,0,5,"CD_T30","Carlton","CARL","Blues","MEN",1,"CD_O5","Carlton","Blues","Blues",15,15,105,0,8,"CD_V43","GIANTS Stadium","GS","Sydney","NSW","Australia/Sydney","https://www.ticketmaster.com.au/event/13005C57CE34677F",2022
3890,"CD_M20220140909","2022-05-15T07:20:00.000+0000","CONCLUDED",43,"CD_S2022014","2022 Toyota AFL Premiership","Premiership",11,596,"CD_R202201409","Rd 9","Round 9",9,"",18,"CD_T150","West Coast Eagles","WCE","Eagles","MEN",23,"CD_O30","West Coast Eagles","Eagles","Eagles",5,8,38,0,17,"CD_T90","Melbourne","MELB","Demons","MEN",14,"CD_O18","Melbourne","Demons","Demons",16,16,112,0,65,"CD_V2925","Optus Stadium","OS","Perth","WA","Australia/Perth","https://www.ticketmaster.com.au/event/25005C68AEB71DBD",2022
3896,"CD_M20220141002","2022-05-20T09:50:00.000+0000","CONCLUDED",43,"CD_S2022014","2022 Toyota AFL Premiership","Premiership",11,597,"CD_R202201410","Rd 10","Round 10",10,"",5,"CD_T30","Carlton","CARL","Blues","MEN",1,"CD_O5","Carlton","Blues","Blues",15,12,102,0,13,"CD_T160","Sydney Swans","SYD","Swans","MEN",24,"CD_O28","Sydney Swans","Swans","Swans",13,9,87,0,3,"CD_V190","Marvel Stadium","MRVL","Melbourne","VIC","Australia/Melbourne","https://www.ticketmaster.com.au/event/25005C9AC58E30F7",2022
3894,"CD_M20220141004","2022-05-21T03:45:00.000+0000","CONCLUDED",43,"CD_S2022014","2022 Toyota AFL Premiership","Premiership",11,597,"CD_R202201410","Rd 10","Round 10",10,"",10,"CD_T70","Geelong Cats","GEEL","Cats","MEN",15,"CD_O11","Geelong Cats","Cats","Cats",11,16,82,0,7,"CD_T110","Port Adelaide","PORT","Power","MEN",19,"CD_O24","Port Adelaide","Power","Power",7,5,47,0,15,"CD_V30","GMHBA Stadium","GMHBA","Geelong","VIC","Australia/Melbourne","https://www.ticketmaster.com.au/geelong-cats-v-port-adelaide-south-geelong-21-05-2022/event/25005C72B89A2716",2022
3898,"CD_M20220141009","2022-05-21T03:45:00.000+0000","CONCLUDED",43,"CD_S2022014","2022 Toyota AFL Premiership","Premiership",11,597,"CD_R202201410","Rd 10","Round 10",10,"",8,"CD_T140","Western Bulldogs","WB","Bulldogs","MEN",25,"CD_O31","Western Bulldogs","Bulldogs","Bulldogs",15,16,106,0,4,"CD_T1000","Gold Coast Suns","GCFC","Suns","MEN",9,"CD_O14","Gold Coast Suns","Suns","Suns",13,9,87,0,24,"CD_V313","Mars Stadium","MARS","Ballarat","VIC","Australia/Melbourne","https://www.ticketmaster.com.au/event/13005C9C95852236",2022
3893,"CD_M20220141007","2022-05-21T06:35:00.000+0000","CONCLUDED",43,"CD_S2022014","2022 Toyota AFL Premiership","Premiership",11,597,"CD_R202201410","Rd 10","Round 10",10,"",6,"CD_T100","North Melbourne","NMFC","Kangaroos","MEN",20,"CD_O20","North Melbourne","Kangaroos","Kangaroos",8,5,53,0,17,"CD_T90","Melbourne","MELB","Demons","MEN",14,"CD_O18","Melbourne","Demons","Demons",14,16,100,0,3,"CD_V190","Marvel Stadium","MRVL","Melbourne","VIC","Australia/Melbourne","https://www.ticketmaster.com.au/event/25005C9AC5993106",2022
3895,"CD_M20220141001","2022-05-21T09:30:00.000+0000","CONCLUDED",43,"CD_S2022014","2022 Toyota AFL Premiership","Premiership",11,597,"CD_R202201410","Rd 10","Round 10",10,"",1,"CD_T10","Adelaide Crows","ADEL","Crows","MEN",3,"CD_O1","Adelaide Crows","Crows","Crows",9,15,69,0,11,"CD_T130","St Kilda","STK","Saints","MEN",21,"CD_O27","St Kilda","Saints","Saints",14,6,90,0,31,"CD_V6","Adelaide Oval","AO","Adelaide","SA","Australia/Adelaide","https://premier.ticketek.com.au/shows/Show.aspx?sh=ADELC1022",2022
3892,"CD_M20220141008","2022-05-21T09:30:00.000+0000","CONCLUDED",43,"CD_S2022014","2022 Toyota AFL Premiership","Premiership",11,597,"CD_R202201410","Rd 10","Round 10",10,"",16,"CD_T120","Richmond","RICH","Tigers","MEN",22,"CD_O25","Richmond","Tigers","Tigers",11,14,80,0,12,"CD_T50","Essendon","ESS","Bombers","MEN",10,"CD_O9","Essendon","Bombers","Bombers",7,6,48,0,13,"CD_V40","MCG","MCG","Melbourne","VIC","Australia/Melbourne","https://premier.ticketek.com.au/shows/show.aspx?sh=RICHM1022",2022
3897,"CD_M20220141005","2022-05-22T04:10:00.000+0000","CONCLUDED",43,"CD_S2022014","2022 Toyota AFL Premiership","Premiership",11,597,"CD_R202201410","Rd 10","Round 10",10,"",15,"CD_T1010","GWS Giants","GWS","Giants","MEN",5,"CD_O16","GWS Giants","Giants","Giants",21,12,138,0,18,"CD_T150","West Coast Eagles","WCE","Eagles","MEN",23,"CD_O30","West Coast Eagles","Eagles","Eagles",13,8,86,0,8,"CD_V43","GIANTS Stadium","GS","Sydney","NSW","Australia/Sydney","https://www.ticketmaster.com.au/event/13005C8CC846577F",2022
3889,"CD_M20220141006","2022-05-22T05:20:00.000+0000","CONCLUDED",43,"CD_S2022014","2022 Toyota AFL Premiership","Premiership",11,597,"CD_R202201410","Rd 10","Round 10",10,"",9,"CD_T80","Hawthorn","HAW","Hawks","MEN",16,"CD_O17","Hawthorn","Hawks","Hawks",18,9,117,0,2,"CD_T20","Brisbane Lions","BL","Lions","MEN",13,"CD_O3","Brisbane Lions","Lions","Lions",17,10,112,0,4,"CD_V200","University of Tasmania Stadium","UTAS","Launceston","TAS","Australia/Hobart","https://www.ticketmaster.com.au/event/25005C7DE7654D25",2022
3891,"CD_M20220141003","2022-05-22T07:20:00.000+0000","CONCLUDED",43,"CD_S2022014","2022 Toyota AFL Premiership","Premiership",11,597,"CD_R202201410","Rd 10","Round 10",10,"",14,"CD_T60","Fremantle","FRE","Dockers","MEN",6,"CD_O10","Fremantle","Dockers","Dockers",6,8,44,0,3,"CD_T40","Collingwood","COLL","Magpies","MEN",12,"CD_O6","Collingwood","Magpies","Magpies",12,8,80,0,65,"CD_V2925","Optus Stadium","OS","Perth","WA","Australia/Perth","https://www.ticketmaster.com.au/fremantle-dockers-v-collingwood-burswood-22-05-2022/event/25005CA4AECA1D31",2022
3906,"CD_M20220141108","2022-05-27T09:50:00.000+0000","SCHEDULED",43,"CD_S2022014","2022 Toyota AFL Premiership","Premiership",11,598,"CD_R202201411","Rd 11","Round 11",11,"",13,"CD_T160","Sydney Swans","SYD","Swans","MEN",24,"CD_O28","Sydney Swans","Swans","Swans",NA,NA,NA,NA,16,"CD_T120","Richmond","RICH","Tigers","MEN",22,"CD_O25","Richmond","Tigers","Tigers",NA,NA,NA,NA,9,"CD_V60","SCG","SCG","Sydney","NSW","Australia/Sydney","https://premier.ticketek.com.au/shows/Show.aspx?sh=SWA1122",2022
3907,"CD_M20220141101","2022-05-28T03:45:00.000+0000","SCHEDULED",43,"CD_S2022014","2022 Toyota AFL Premiership","Premiership",11,598,"CD_R202201411","Rd 11","Round 11",11,"",2,"CD_T20","Brisbane Lions","BL","Lions","MEN",13,"CD_O3","Brisbane Lions","Lions","Lions",NA,NA,NA,NA,15,"CD_T1010","GWS Giants","GWS","Giants","MEN",5,"CD_O16","GWS Giants","Giants","Giants",NA,NA,NA,NA,22,"CD_V20","Gabba","G","Brisbane","QLD","Australia/Brisbane","https://www.ticketmaster.com.au/event/13005C47DFCDADE9",2022
3899,"CD_M20220141103","2022-05-28T03:45:00.000+0000","SCHEDULED",43,"CD_S2022014","2022 Toyota AFL Premiership","Premiership",11,598,"CD_R202201411","Rd 11","Round 11",11,"",10,"CD_T70","Geelong Cats","GEEL","Cats","MEN",15,"CD_O11","Geelong Cats","Cats","Cats",NA,NA,NA,NA,1,"CD_T10","Adelaide Crows","ADEL","Crows","MEN",3,"CD_O1","Adelaide Crows","Crows","Crows",NA,NA,NA,NA,15,"CD_V30","GMHBA Stadium","GMHBA","Geelong","VIC","Australia/Melbourne","https://www.ticketmaster.com.au/geelong-cats-v-adelaide-south-geelong-28-05-2022/event/25005C72B8A1271D",2022
3902,"CD_M20220141105","2022-05-28T06:35:00.000+0000","SCHEDULED",43,"CD_S2022014","2022 Toyota AFL Premiership","Premiership",11,598,"CD_R202201411","Rd 11","Round 11",11,"",17,"CD_T90","Melbourne","MELB","Demons","MEN",14,"CD_O18","Melbourne","Demons","Demons",NA,NA,NA,NA,14,"CD_T60","Fremantle","FRE","Dockers","MEN",6,"CD_O10","Fremantle","Dockers","Dockers",NA,NA,NA,NA,13,"CD_V40","MCG","MCG","Melbourne","VIC","Australia/Melbourne","https://premier.ticketek.com.au/shows/show.aspx?sh=MELBO1122",2022
3905,"CD_M20220141109","2022-05-28T09:30:00.000+0000","SCHEDULED",43,"CD_S2022014","2022 Toyota AFL Premiership","Premiership",11,598,"CD_R202201411","Rd 11","Round 11",11,"",18,"CD_T150","West Coast Eagles","WCE","Eagles","MEN",23,"CD_O30","West Coast Eagles","Eagles","Eagles",NA,NA,NA,NA,8,"CD_T140","Western Bulldogs","WB","Bulldogs","MEN",25,"CD_O31","Western Bulldogs","Bulldogs","Bulldogs",NA,NA,NA,NA,65,"CD_V2925","Optus Stadium","OS","Perth","WA","Australia/Perth","https://www.ticketmaster.com.au/west-coast-eagles-tickets/artist/845214",2022
3903,"CD_M20220141104","2022-05-28T09:40:00.000+0000","SCHEDULED",43,"CD_S2022014","2022 Toyota AFL Premiership","Premiership",11,598,"CD_R202201411","Rd 11","Round 11",11,"",4,"CD_T1000","Gold Coast Suns","GCFC","Suns","MEN",9,"CD_O14","Gold Coast Suns","Suns","Suns",NA,NA,NA,NA,9,"CD_T80","Hawthorn","HAW","Hawks","MEN",16,"CD_O17","Hawthorn","Hawks","Hawks",NA,NA,NA,NA,1,"CD_V160","TIO Stadium","TIO","Darwin","NT","Australia/Darwin","https://www.ticketmaster.com.au/event/25005C959CED1C5A",2022
3904,"CD_M20220141107","2022-05-29T03:10:00.000+0000","SCHEDULED",43,"CD_S2022014","2022 Toyota AFL Premiership","Premiership",11,598,"CD_R202201411","Rd 11","Round 11",11,"",11,"CD_T130","St Kilda","STK","Saints","MEN",21,"CD_O27","St Kilda","Saints","Saints",NA,NA,NA,NA,6,"CD_T100","North Melbourne","NMFC","Kangaroos","MEN",20,"CD_O20","North Melbourne","Kangaroos","Kangaroos",NA,NA,NA,NA,3,"CD_V190","Marvel Stadium","MRVL","Melbourne","VIC","Australia/Melbourne","https://www.ticketmaster.com.au/event/25005C9AC5A9315B",2022
3900,"CD_M20220141102","2022-05-29T05:20:00.000+0000","SCHEDULED",43,"CD_S2022014","2022 Toyota AFL Premiership","Premiership",11,598,"CD_R202201411","Rd 11","Round 11",11,"",3,"CD_T40","Collingwood","COLL","Magpies","MEN",12,"CD_O6","Collingwood","Magpies","Magpies",NA,NA,NA,NA,5,"CD_T30","Carlton","CARL","Blues","MEN",1,"CD_O5","Carlton","Blues","Blues",NA,NA,NA,NA,13,"CD_V40","MCG","MCG","Melbourne","VIC","Australia/Melbourne","https://premier.ticketek.com.au/shows/show.aspx?sh=COLLI1122",2022
3901,"CD_M20220141106","2022-05-29T06:40:00.000+0000","SCHEDULED",43,"CD_S2022014","2022 Toyota AFL Premiership","Premiership",11,598,"CD_R202201411","Rd 11","Round 11",11,"",7,"CD_T110","Port Adelaide","PORT","Power","MEN",19,"CD_O24","Port Adelaide","Power","Power",NA,NA,NA,NA,12,"CD_T50","Essendon","ESS","Bombers","MEN",10,"CD_O9","Essendon","Bombers","Bombers",NA,NA,NA,NA,31,"CD_V6","Adelaide Oval","AO","Adelaide","SA","Australia/Adelaide","https://premier.ticketek.com.au/shows/Show.aspx?sh=PORTA1122",2022
3910,"CD_M20220141206","2022-06-03T09:50:00.000+0000","SCHEDULED",43,"CD_S2022014","2022 Toyota AFL Premiership","Premiership",11,599,"CD_R202201412","Rd 12","Round 12",12,"",8,"CD_T140","Western Bulldogs","WB","Bulldogs","MEN",25,"CD_O31","Western Bulldogs","Bulldogs","Bulldogs",NA,NA,NA,NA,10,"CD_T70","Geelong Cats","GEEL","Cats","MEN",15,"CD_O11","Geelong Cats","Cats","Cats",NA,NA,NA,NA,3,"CD_V190","Marvel Stadium","MRVL","Melbourne","VIC","Australia/Melbourne","https://www.ticketmaster.com.au/event/25005CA9DD7E3171",2022
3913,"CD_M20220141201","2022-06-04T03:45:00.000+0000","SCHEDULED",43,"CD_S2022014","2022 Toyota AFL Premiership","Premiership",11,599,"CD_R202201412","Rd 12","Round 12",12,"",1,"CD_T10","Adelaide Crows","ADEL","Crows","MEN",3,"CD_O1","Adelaide Crows","Crows","Crows",NA,NA,NA,NA,18,"CD_T150","West Coast Eagles","WCE","Eagles","MEN",23,"CD_O30","West Coast Eagles","Eagles","Eagles",NA,NA,NA,NA,31,"CD_V6","Adelaide Oval","AO","Adelaide","SA","Australia/Adelaide","https://premier.ticketek.com.au/shows/Show.aspx?sh=ADELC1222",2022
3911,"CD_M20220141203","2022-06-04T06:35:00.000+0000","SCHEDULED",43,"CD_S2022014","2022 Toyota AFL Premiership","Premiership",11,599,"CD_R202201412","Rd 12","Round 12",12,"",4,"CD_T1000","Gold Coast Suns","GCFC","Suns","MEN",9,"CD_O14","Gold Coast Suns","Suns","Suns",NA,NA,NA,NA,6,"CD_T100","North Melbourne","NMFC","Kangaroos","MEN",20,"CD_O20","North Melbourne","Kangaroos","Kangaroos",NA,NA,NA,NA,1,"CD_V160","TIO Stadium","TIO","Darwin","NT","Australia/Darwin","https://www.ticketmaster.com.au/gold-coast-suns-v-north-melbourne-marrara-04-06-2022/event/25005C9AA8291CC1",2022
3912,"CD_M20220141205","2022-06-04T09:25:00.000+0000","SCHEDULED",43,"CD_S2022014","2022 Toyota AFL Premiership","Premiership",11,599,"CD_R202201412","Rd 12","Round 12",12,"",17,"CD_T90","Melbourne","MELB","Demons","MEN",14,"CD_O18","Melbourne","Demons","Demons",NA,NA,NA,NA,13,"CD_T160","Sydney Swans","SYD","Swans","MEN",24,"CD_O28","Sydney Swans","Swans","Swans",NA,NA,NA,NA,13,"CD_V40","MCG","MCG","Melbourne","VIC","Australia/Melbourne","https://premier.ticketek.com.au/shows/show.aspx?sh=MELBO1222",2022
3909,"CD_M20220141204","2022-06-05T04:10:00.000+0000","SCHEDULED",43,"CD_S2022014","2022 Toyota AFL Premiership","Premiership",11,599,"CD_R202201412","Rd 12","Round 12",12,"",9,"CD_T80","Hawthorn","HAW","Hawks","MEN",16,"CD_O17","Hawthorn","Hawks","Hawks",NA,NA,NA,NA,3,"CD_T40","Collingwood","COLL","Magpies","MEN",12,"CD_O6","Collingwood","Magpies","Magpies",NA,NA,NA,NA,13,"CD_V40","MCG","MCG","Melbourne","VIC","Australia/Melbourne","https://premier.ticketek.com.au/shows/show.aspx?sh=HAWTH1222",2022
3908,"CD_M20220141202","2022-06-05T07:20:00.000+0000","SCHEDULED",43,"CD_S2022014","2022 Toyota AFL Premiership","Premiership",11,599,"CD_R202201412","Rd 12","Round 12",12,"",14,"CD_T60","Fremantle","FRE","Dockers","MEN",6,"CD_O10","Fremantle","Dockers","Dockers",NA,NA,NA,NA,2,"CD_T20","Brisbane Lions","BL","Lions","MEN",13,"CD_O3","Brisbane Lions","Lions","Lions",NA,NA,NA,NA,65,"CD_V2925","Optus Stadium","OS","Perth","WA","Australia/Perth","https://www.ticketmaster.com.au/fremantle-dockers-tickets/artist/1055677",2022
3917,"CD_M20220141306","2022-06-09T09:20:00.000+0000","SCHEDULED",43,"CD_S2022014","2022 Toyota AFL Premiership","Premiership",11,600,"CD_R202201413","Rd 13","Round 13",13,"",16,"CD_T120","Richmond","RICH","Tigers","MEN",22,"CD_O25","Richmond","Tigers","Tigers",NA,NA,NA,NA,7,"CD_T110","Port Adelaide","PORT","Power","MEN",19,"CD_O24","Port Adelaide","Power","Power",NA,NA,NA,NA,13,"CD_V40","MCG","MCG","Melbourne","VIC","Australia/Melbourne","https://premier.ticketek.com.au/shows/show.aspx?sh=RICHM1322",2022
3914,"CD_M20220141303","2022-06-10T09:50:00.000+0000","SCHEDULED",43,"CD_S2022014","2022 Toyota AFL Premiership","Premiership",11,600,"CD_R202201413","Rd 13","Round 13",13,"",12,"CD_T50","Essendon","ESS","Bombers","MEN",10,"CD_O9","Essendon","Bombers","Bombers",NA,NA,NA,NA,5,"CD_T30","Carlton","CARL","Blues","MEN",1,"CD_O5","Carlton","Blues","Blues",NA,NA,NA,NA,13,"CD_V40","MCG","MCG","Melbourne","VIC","Australia/Melbourne","https://premier.ticketek.com.au/shows/show.aspx?sh=ESSEN1322",2022
3915,"CD_M20220141304","2022-06-11T06:10:00.000+0000","SCHEDULED",43,"CD_S2022014","2022 Toyota AFL Premiership","Premiership",11,600,"CD_R202201413","Rd 13","Round 13",13,"",14,"CD_T60","Fremantle","FRE","Dockers","MEN",6,"CD_O10","Fremantle","Dockers","Dockers",NA,NA,NA,NA,9,"CD_T80","Hawthorn","HAW","Hawks","MEN",16,"CD_O17","Hawthorn","Hawks","Hawks",NA,NA,NA,NA,65,"CD_V2925","Optus Stadium","OS","Perth","WA","Australia/Perth","https://www.ticketmaster.com.au/fremantle-dockers-tickets/artist/1055677",2022
3918,"CD_M20220141301","2022-06-11T09:25:00.000+0000","SCHEDULED",43,"CD_S2022014","2022 Toyota AFL Premiership","Premiership",11,600,"CD_R202201413","Rd 13","Round 13",13,"",2,"CD_T20","Brisbane Lions","BL","Lions","MEN",13,"CD_O3","Brisbane Lions","Lions","Lions",NA,NA,NA,NA,11,"CD_T130","St Kilda","STK","Saints","MEN",21,"CD_O27","St Kilda","Saints","Saints",NA,NA,NA,NA,22,"CD_V20","Gabba","G","Brisbane","QLD","Australia/Brisbane","https://www.ticketmaster.com.au/event/13005C47DFD5ADED",2022
3919,"CD_M20220141305","2022-06-12T05:20:00.000+0000","SCHEDULED",43,"CD_S2022014","2022 Toyota AFL Premiership","Premiership",11,600,"CD_R202201413","Rd 13","Round 13",13,"",6,"CD_T100","North Melbourne","NMFC","Kangaroos","MEN",20,"CD_O20","North Melbourne","Kangaroos","Kangaroos",NA,NA,NA,NA,15,"CD_T1010","GWS Giants","GWS","Giants","MEN",5,"CD_O16","GWS Giants","Giants","Giants",NA,NA,NA,NA,3,"CD_V190","Marvel Stadium","MRVL","Melbourne","VIC","Australia/Melbourne","https://www.ticketmaster.com.au/event/25005CA9DD9F3281",2022
3916,"CD_M20220141302","2022-06-13T05:20:00.000+0000","SCHEDULED",43,"CD_S2022014","2022 Toyota AFL Premiership","Premiership",11,600,"CD_R202201413","Rd 13","Round 13",13,"",3,"CD_T40","Collingwood","COLL","Magpies","MEN",12,"CD_O6","Collingwood","Magpies","Magpies",NA,NA,NA,NA,17,"CD_T90","Melbourne","MELB","Demons","MEN",14,"CD_O18","Melbourne","Demons","Demons",NA,NA,NA,NA,13,"CD_V40","MCG","MCG","Melbourne","VIC","Australia/Melbourne","https://premier.ticketek.com.au/shows/show.aspx?sh=COLLI1322",2022
3921,"CD_M20220141404","2022-06-16T09:20:00.000+0000","SCHEDULED",43,"CD_S2022014","2022 Toyota AFL Premiership","Premiership",11,601,"CD_R202201414","Rd 14","Round 14",14,"",16,"CD_T120","Richmond","RICH","Tigers","MEN",22,"CD_O25","Richmond","Tigers","Tigers",NA,NA,NA,NA,5,"CD_T30","Carlton","CARL","Blues","MEN",1,"CD_O5","Carlton","Blues","Blues",NA,NA,NA,NA,13,"CD_V40","MCG","MCG","Melbourne","VIC","Australia/Melbourne","https://premier.ticketek.com.au/shows/show.aspx?sh=RICHM1422",2022
3922,"CD_M20220141405","2022-06-17T09:50:00.000+0000","SCHEDULED",43,"CD_S2022014","2022 Toyota AFL Premiership","Premiership",11,601,"CD_R202201414","Rd 14","Round 14",14,"",11,"CD_T130","St Kilda","STK","Saints","MEN",21,"CD_O27","St Kilda","Saints","Saints",NA,NA,NA,NA,12,"CD_T50","Essendon","ESS","Bombers","MEN",10,"CD_O9","Essendon","Bombers","Bombers",NA,NA,NA,NA,3,"CD_V190","Marvel Stadium","MRVL","Melbourne","VIC","Australia/Melbourne","https://www.ticketmaster.com.au/event/25005CA9DDA932C1",2022
3924,"CD_M20220141403","2022-06-18T03:45:00.000+0000","SCHEDULED",43,"CD_S2022014","2022 Toyota AFL Premiership","Premiership",11,601,"CD_R202201414","Rd 14","Round 14",14,"",7,"CD_T110","Port Adelaide","PORT","Power","MEN",19,"CD_O24","Port Adelaide","Power","Power",NA,NA,NA,NA,13,"CD_T160","Sydney Swans","SYD","Swans","MEN",24,"CD_O28","Sydney Swans","Swans","Swans",NA,NA,NA,NA,31,"CD_V6","Adelaide Oval","AO","Adelaide","SA","Australia/Adelaide",NA,2022
3923,"CD_M20220141406","2022-06-18T06:35:00.000+0000","SCHEDULED",43,"CD_S2022014","2022 Toyota AFL Premiership","Premiership",11,601,"CD_R202201414","Rd 14","Round 14",14,"",18,"CD_T150","West Coast Eagles","WCE","Eagles","MEN",23,"CD_O30","West Coast Eagles","Eagles","Eagles",NA,NA,NA,NA,10,"CD_T70","Geelong Cats","GEEL","Cats","MEN",15,"CD_O11","Geelong Cats","Cats","Cats",NA,NA,NA,NA,65,"CD_V2925","Optus Stadium","OS","Perth","WA","Australia/Perth",NA,2022
3925,"CD_M20220141402","2022-06-18T09:25:00.000+0000","SCHEDULED",43,"CD_S2022014","2022 Toyota AFL Premiership","Premiership",11,601,"CD_R202201414","Rd 14","Round 14",14,"",15,"CD_T1010","GWS Giants","GWS","Giants","MEN",5,"CD_O16","GWS Giants","Giants","Giants",NA,NA,NA,NA,8,"CD_T140","Western Bulldogs","WB","Bulldogs","MEN",25,"CD_O31","Western Bulldogs","Bulldogs","Bulldogs",NA,NA,NA,NA,8,"CD_V43","GIANTS Stadium","GS","Sydney","NSW","Australia/Sydney","https://www.ticketmaster.com.au/gws-giants-v-western-bulldogs-olympic-park-18-06-2022/event/13005C8CDC6A5C4A",2022
3920,"CD_M20220141401","2022-06-19T05:20:00.000+0000","SCHEDULED",43,"CD_S2022014","2022 Toyota AFL Premiership","Premiership",11,601,"CD_R202201414","Rd 14","Round 14",14,"",4,"CD_T1000","Gold Coast Suns","GCFC","Suns","MEN",9,"CD_O14","Gold Coast Suns","Suns","Suns",NA,NA,NA,NA,1,"CD_T10","Adelaide Crows","ADEL","Crows","MEN",3,"CD_O1","Adelaide Crows","Crows","Crows",NA,NA,NA,NA,11,"CD_V81","Metricon Stadium","MS","Gold Coast","QLD","Australia/Brisbane","https://premier.ticketek.com.au/shows/show.aspx?sh=SUNS0522",2022
3927,"CD_M20220141504","2022-06-23T09:20:00.000+0000","SCHEDULED",43,"CD_S2022014","2022 Toyota AFL Premiership","Premiership",11,602,"CD_R202201415","Rd 15","Round 15",15,"",17,"CD_T90","Melbourne","MELB","Demons","MEN",14,"CD_O18","Melbourne","Demons","Demons",NA,NA,NA,NA,2,"CD_T20","Brisbane Lions","BL","Lions","MEN",13,"CD_O3","Brisbane Lions","Lions","Lions",NA,NA,NA,NA,13,"CD_V40","MCG","MCG","Melbourne","VIC","Australia/Melbourne","https://premier.ticketek.com.au/shows/show.aspx?sh=MELBO1522",2022
3930,"CD_M20220141509","2022-06-24T09:00:00.000+0000","SCHEDULED",43,"CD_S2022014","2022 Toyota AFL Premiership","Premiership",11,602,"CD_R202201415","Rd 15","Round 15",15,"",8,"CD_T140","Western Bulldogs","WB","Bulldogs","MEN",25,"CD_O31","Western Bulldogs","Bulldogs","Bulldogs",NA,NA,NA,NA,9,"CD_T80","Hawthorn","HAW","Hawks","MEN",16,"CD_O17","Hawthorn","Hawks","Hawks",NA,NA,NA,NA,3,"CD_V190","Marvel Stadium","MRVL","Melbourne","VIC","Australia/Melbourne","https://www.ticketmaster.com.au/event/25005CA9DD913260",2022
3928,"CD_M20220141508","2022-06-24T10:40:00.000+0000","SCHEDULED",43,"CD_S2022014","2022 Toyota AFL Premiership","Premiership",11,602,"CD_R202201415","Rd 15","Round 15",15,"",18,"CD_T150","West Coast Eagles","WCE","Eagles","MEN",23,"CD_O30","West Coast Eagles","Eagles","Eagles",NA,NA,NA,NA,12,"CD_T50","Essendon","ESS","Bombers","MEN",10,"CD_O9","Essendon","Bombers","Bombers",NA,NA,NA,NA,65,"CD_V2925","Optus Stadium","OS","Perth","WA","Australia/Perth",NA,2022
3929,"CD_M20220141501","2022-06-25T03:45:00.000+0000","SCHEDULED",43,"CD_S2022014","2022 Toyota AFL Premiership","Premiership",11,602,"CD_R202201415","Rd 15","Round 15",15,"",5,"CD_T30","Carlton","CARL","Blues","MEN",1,"CD_O5","Carlton","Blues","Blues",NA,NA,NA,NA,14,"CD_T60","Fremantle","FRE","Dockers","MEN",6,"CD_O10","Fremantle","Dockers","Dockers",NA,NA,NA,NA,3,"CD_V190","Marvel Stadium","MRVL","Melbourne","VIC","Australia/Melbourne","https://www.ticketmaster.com.au/event/25005CA9DDB2335D",2022
3932,"CD_M20220141503","2022-06-25T06:35:00.000+0000","SCHEDULED",43,"CD_S2022014","2022 Toyota AFL Premiership","Premiership",11,602,"CD_R202201415","Rd 15","Round 15",15,"",10,"CD_T70","Geelong Cats","GEEL","Cats","MEN",15,"CD_O11","Geelong Cats","Cats","Cats",NA,NA,NA,NA,16,"CD_T120","Richmond","RICH","Tigers","MEN",22,"CD_O25","Richmond","Tigers","Tigers",NA,NA,NA,NA,13,"CD_V40","MCG","MCG","Melbourne","VIC","Australia/Melbourne","https://premier.ticketek.com.au/shows/show.aspx?sh=GEELO1522",2022
3931,"CD_M20220141507","2022-06-25T09:25:00.000+0000","SCHEDULED",43,"CD_S2022014","2022 Toyota AFL Premiership","Premiership",11,602,"CD_R202201415","Rd 15","Round 15",15,"",13,"CD_T160","Sydney Swans","SYD","Swans","MEN",24,"CD_O28","Sydney Swans","Swans","Swans",NA,NA,NA,NA,11,"CD_T130","St Kilda","STK","Saints","MEN",21,"CD_O27","St Kilda","Saints","Saints",NA,NA,NA,NA,9,"CD_V60","SCG","SCG","Sydney","NSW","Australia/Sydney",NA,2022
3926,"CD_M20220141505","2022-06-26T03:10:00.000+0000","SCHEDULED",43,"CD_S2022014","2022 Toyota AFL Premiership","Premiership",11,602,"CD_R202201415","Rd 15","Round 15",15,"",6,"CD_T100","North Melbourne","NMFC","Kangaroos","MEN",20,"CD_O20","North Melbourne","Kangaroos","Kangaroos",NA,NA,NA,NA,1,"CD_T10","Adelaide Crows","ADEL","Crows","MEN",3,"CD_O1","Adelaide Crows","Crows","Crows",NA,NA,NA,NA,7,"CD_V2","Blundstone Arena","BA","Hobart","TAS","Australia/Hobart",NA,2022
3934,"CD_M20220141502","2022-06-26T05:20:00.000+0000","SCHEDULED",43,"CD_S2022014","2022 Toyota AFL Premiership","Premiership",11,602,"CD_R202201415","Rd 15","Round 15",15,"",3,"CD_T40","Collingwood","COLL","Magpies","MEN",12,"CD_O6","Collingwood","Magpies","Magpies",NA,NA,NA,NA,15,"CD_T1010","GWS Giants","GWS","Giants","MEN",5,"CD_O16","GWS Giants","Giants","Giants",NA,NA,NA,NA,13,"CD_V40","MCG","MCG","Melbourne","VIC","Australia/Melbourne","https://premier.ticketek.com.au/shows/show.aspx?sh=COLLI1522",2022
3933,"CD_M20220141506","2022-06-26T06:10:00.000+0000","SCHEDULED",43,"CD_S2022014","2022 Toyota AFL Premiership","Premiership",11,602,"CD_R202201415","Rd 15","Round 15",15,"",7,"CD_T110","Port Adelaide","PORT","Power","MEN",19,"CD_O24","Port Adelaide","Power","Power",NA,NA,NA,NA,4,"CD_T1000","Gold Coast Suns","GCFC","Suns","MEN",9,"CD_O14","Gold Coast Suns","Suns","Suns",NA,NA,NA,NA,31,"CD_V6","Adelaide Oval","AO","Adelaide","SA","Australia/Adelaide",NA,2022
3943,"CD_M20220141602","2022-06-30T09:20:00.000+0000","SCHEDULED",43,"CD_S2022014","2022 Toyota AFL Premiership","Premiership",11,603,"CD_R202201416","Rd 16","Round 16",16,"",2,"CD_T20","Brisbane Lions","BL","Lions","MEN",13,"CD_O3","Brisbane Lions","Lions","Lions",NA,NA,NA,NA,8,"CD_T140","Western Bulldogs","WB","Bulldogs","MEN",25,"CD_O31","Western Bulldogs","Bulldogs","Bulldogs",NA,NA,NA,NA,22,"CD_V20","Gabba","G","Brisbane","QLD","Australia/Brisbane",NA,2022
3942,"CD_M20220141603","2022-07-01T09:50:00.000+0000","SCHEDULED",43,"CD_S2022014","2022 Toyota AFL Premiership","Premiership",11,603,"CD_R202201416","Rd 16","Round 16",16,"",5,"CD_T30","Carlton","CARL","Blues","MEN",1,"CD_O5","Carlton","Blues","Blues",NA,NA,NA,NA,11,"CD_T130","St Kilda","STK","Saints","MEN",21,"CD_O27","St Kilda","Saints","Saints",NA,NA,NA,NA,3,"CD_V190","Marvel Stadium","MRVL","Melbourne","VIC","Australia/Melbourne",NA,2022
3941,"CD_M20220141604","2022-07-02T03:45:00.000+0000","SCHEDULED",43,"CD_S2022014","2022 Toyota AFL Premiership","Premiership",11,603,"CD_R202201416","Rd 16","Round 16",16,"",12,"CD_T50","Essendon","ESS","Bombers","MEN",10,"CD_O9","Essendon","Bombers","Bombers",NA,NA,NA,NA,13,"CD_T160","Sydney Swans","SYD","Swans","MEN",24,"CD_O28","Sydney Swans","Swans","Swans",NA,NA,NA,NA,13,"CD_V40","MCG","MCG","Melbourne","VIC","Australia/Melbourne",NA,2022
3938,"CD_M20220141601","2022-07-02T06:35:00.000+0000","SCHEDULED",43,"CD_S2022014","2022 Toyota AFL Premiership","Premiership",11,603,"CD_R202201416","Rd 16","Round 16",16,"",1,"CD_T10","Adelaide Crows","ADEL","Crows","MEN",3,"CD_O1","Adelaide Crows","Crows","Crows",NA,NA,NA,NA,17,"CD_T90","Melbourne","MELB","Demons","MEN",14,"CD_O18","Melbourne","Demons","Demons",NA,NA,NA,NA,31,"CD_V6","Adelaide Oval","AO","Adelaide","SA","Australia/Adelaide",NA,2022
3937,"CD_M20220141606","2022-07-02T09:25:00.000+0000","SCHEDULED",43,"CD_S2022014","2022 Toyota AFL Premiership","Premiership",11,603,"CD_R202201416","Rd 16","Round 16",16,"",10,"CD_T70","Geelong Cats","GEEL","Cats","MEN",15,"CD_O11","Geelong Cats","Cats","Cats",NA,NA,NA,NA,6,"CD_T100","North Melbourne","NMFC","Kangaroos","MEN",20,"CD_O20","North Melbourne","Kangaroos","Kangaroos",NA,NA,NA,NA,15,"CD_V30","GMHBA Stadium","GMHBA","Geelong","VIC","Australia/Melbourne",NA,2022
3936,"CD_M20220141607","2022-07-02T09:25:00.000+0000","SCHEDULED",43,"CD_S2022014","2022 Toyota AFL Premiership","Premiership",11,603,"CD_R202201416","Rd 16","Round 16",16,"",4,"CD_T1000","Gold Coast Suns","GCFC","Suns","MEN",9,"CD_O14","Gold Coast Suns","Suns","Suns",NA,NA,NA,NA,3,"CD_T40","Collingwood","COLL","Magpies","MEN",12,"CD_O6","Collingwood","Magpies","Magpies",NA,NA,NA,NA,11,"CD_V81","Metricon Stadium","MS","Gold Coast","QLD","Australia/Brisbane",NA,2022
3940,"CD_M20220141609","2022-07-03T04:10:00.000+0000","SCHEDULED",43,"CD_S2022014","2022 Toyota AFL Premiership","Premiership",11,603,"CD_R202201416","Rd 16","Round 16",16,"",16,"CD_T120","Richmond","RICH","Tigers","MEN",22,"CD_O25","Richmond","Tigers","Tigers",NA,NA,NA,NA,18,"CD_T150","West Coast Eagles","WCE","Eagles","MEN",23,"CD_O30","West Coast Eagles","Eagles","Eagles",NA,NA,NA,NA,13,"CD_V40","MCG","MCG","Melbourne","VIC","Australia/Melbourne",NA,2022
3935,"CD_M20220141608","2022-07-03T05:20:00.000+0000","SCHEDULED",43,"CD_S2022014","2022 Toyota AFL Premiership","Premiership",11,603,"CD_R202201416","Rd 16","Round 16",16,"",15,"CD_T1010","GWS Giants","GWS","Giants","MEN",5,"CD_O16","GWS Giants","Giants","Giants",NA,NA,NA,NA,9,"CD_T80","Hawthorn","HAW","Hawks","MEN",16,"CD_O17","Hawthorn","Hawks","Hawks",NA,NA,NA,NA,8,"CD_V43","GIANTS Stadium","GS","Sydney","NSW","Australia/Sydney",NA,2022
3939,"CD_M20220141605","2022-07-03T07:20:00.000+0000","SCHEDULED",43,"CD_S2022014","2022 Toyota AFL Premiership","Premiership",11,603,"CD_R202201416","Rd 16","Round 16",16,"",14,"CD_T60","Fremantle","FRE","Dockers","MEN",6,"CD_O10","Fremantle","Dockers","Dockers",NA,NA,NA,NA,7,"CD_T110","Port Adelaide","PORT","Power","MEN",19,"CD_O24","Port Adelaide","Power","Power",NA,NA,NA,NA,65,"CD_V2925","Optus Stadium","OS","Perth","WA","Australia/Perth",NA,2022
3949,"CD_M20220141703","2022-07-07T09:20:00.000+0000","SCHEDULED",43,"CD_S2022014","2022 Toyota AFL Premiership","Premiership",11,604,"CD_R202201417","Rd 17","Round 17",17,"",10,"CD_T70","Geelong Cats","GEEL","Cats","MEN",15,"CD_O11","Geelong Cats","Cats","Cats",NA,NA,NA,NA,17,"CD_T90","Melbourne","MELB","Demons","MEN",14,"CD_O18","Melbourne","Demons","Demons",NA,NA,NA,NA,15,"CD_V30","GMHBA Stadium","GMHBA","Geelong","VIC","Australia/Melbourne",NA,2022
3950,"CD_M20220141708","2022-07-08T09:50:00.000+0000","SCHEDULED",43,"CD_S2022014","2022 Toyota AFL Premiership","Premiership",11,604,"CD_R202201417","Rd 17","Round 17",17,"",13,"CD_T160","Sydney Swans","SYD","Swans","MEN",24,"CD_O28","Sydney Swans","Swans","Swans",NA,NA,NA,NA,8,"CD_T140","Western Bulldogs","WB","Bulldogs","MEN",25,"CD_O31","Western Bulldogs","Bulldogs","Bulldogs",NA,NA,NA,NA,9,"CD_V60","SCG","SCG","Sydney","NSW","Australia/Sydney",NA,2022
3948,"CD_M20220141702","2022-07-09T03:45:00.000+0000","SCHEDULED",43,"CD_S2022014","2022 Toyota AFL Premiership","Premiership",11,604,"CD_R202201417","Rd 17","Round 17",17,"",3,"CD_T40","Collingwood","COLL","Magpies","MEN",12,"CD_O6","Collingwood","Magpies","Magpies",NA,NA,NA,NA,6,"CD_T100","North Melbourne","NMFC","Kangaroos","MEN",20,"CD_O20","North Melbourne","Kangaroos","Kangaroos",NA,NA,NA,NA,13,"CD_V40","MCG","MCG","Melbourne","VIC","Australia/Melbourne",NA,2022
3951,"CD_M20220141704","2022-07-09T06:35:00.000+0000","SCHEDULED",43,"CD_S2022014","2022 Toyota AFL Premiership","Premiership",11,604,"CD_R202201417","Rd 17","Round 17",17,"",4,"CD_T1000","Gold Coast Suns","GCFC","Suns","MEN",9,"CD_O14","Gold Coast Suns","Suns","Suns",NA,NA,NA,NA,16,"CD_T120","Richmond","RICH","Tigers","MEN",22,"CD_O25","Richmond","Tigers","Tigers",NA,NA,NA,NA,11,"CD_V81","Metricon Stadium","MS","Gold Coast","QLD","Australia/Brisbane",NA,2022
3947,"CD_M20220141707","2022-07-09T09:25:00.000+0000","SCHEDULED",43,"CD_S2022014","2022 Toyota AFL Premiership","Premiership",11,604,"CD_R202201417","Rd 17","Round 17",17,"",11,"CD_T130","St Kilda","STK","Saints","MEN",21,"CD_O27","St Kilda","Saints","Saints",NA,NA,NA,NA,14,"CD_T60","Fremantle","FRE","Dockers","MEN",6,"CD_O10","Fremantle","Dockers","Dockers",NA,NA,NA,NA,3,"CD_V190","Marvel Stadium","MRVL","Melbourne","VIC","Australia/Melbourne",NA,2022
3953,"CD_M20220141706","2022-07-09T09:30:00.000+0000","SCHEDULED",43,"CD_S2022014","2022 Toyota AFL Premiership","Premiership",11,604,"CD_R202201417","Rd 17","Round 17",17,"",7,"CD_T110","Port Adelaide","PORT","Power","MEN",19,"CD_O24","Port Adelaide","Power","Power",NA,NA,NA,NA,15,"CD_T1010","GWS Giants","GWS","Giants","MEN",5,"CD_O16","GWS Giants","Giants","Giants",NA,NA,NA,NA,31,"CD_V6","Adelaide Oval","AO","Adelaide","SA","Australia/Adelaide",NA,2022
3946,"CD_M20220141701","2022-07-10T03:10:00.000+0000","SCHEDULED",43,"CD_S2022014","2022 Toyota AFL Premiership","Premiership",11,604,"CD_R202201417","Rd 17","Round 17",17,"",2,"CD_T20","Brisbane Lions","BL","Lions","MEN",13,"CD_O3","Brisbane Lions","Lions","Lions",NA,NA,NA,NA,12,"CD_T50","Essendon","ESS","Bombers","MEN",10,"CD_O9","Essendon","Bombers","Bombers",NA,NA,NA,NA,22,"CD_V20","Gabba","G","Brisbane","QLD","Australia/Brisbane",NA,2022
3945,"CD_M20220141705","2022-07-10T05:20:00.000+0000","SCHEDULED",43,"CD_S2022014","2022 Toyota AFL Premiership","Premiership",11,604,"CD_R202201417","Rd 17","Round 17",17,"",9,"CD_T80","Hawthorn","HAW","Hawks","MEN",16,"CD_O17","Hawthorn","Hawks","Hawks",NA,NA,NA,NA,1,"CD_T10","Adelaide Crows","ADEL","Crows","MEN",3,"CD_O1","Adelaide Crows","Crows","Crows",NA,NA,NA,NA,3,"CD_V190","Marvel Stadium","MRVL","Melbourne","VIC","Australia/Melbourne",NA,2022
3944,"CD_M20220141709","2022-07-10T06:40:00.000+0000","SCHEDULED",43,"CD_S2022014","2022 Toyota AFL Premiership","Premiership",11,604,"CD_R202201417","Rd 17","Round 17",17,"",18,"CD_T150","West Coast Eagles","WCE","Eagles","MEN",23,"CD_O30","West Coast Eagles","Eagles","Eagles",NA,NA,NA,NA,5,"CD_T30","Carlton","CARL","Blues","MEN",1,"CD_O5","Carlton","Blues","Blues",NA,NA,NA,NA,65,"CD_V2925","Optus Stadium","OS","Perth","WA","Australia/Perth",NA,2022
3959,"CD_M20220141809","2022-07-15T09:50:00.000+0000","SCHEDULED",43,"CD_S2022014","2022 Toyota AFL Premiership","Premiership",11,605,"CD_R202201418","Rd 18","Round 18",18,"",8,"CD_T140","Western Bulldogs","WB","Bulldogs","MEN",25,"CD_O31","Western Bulldogs","Bulldogs","Bulldogs",NA,NA,NA,NA,11,"CD_T130","St Kilda","STK","Saints","MEN",21,"CD_O27","St Kilda","Saints","Saints",NA,NA,NA,NA,3,"CD_V190","Marvel Stadium","MRVL","Melbourne","VIC","Australia/Melbourne",NA,2022
3954,"CD_M20220141801","2022-07-16T03:45:00.000+0000","SCHEDULED",43,"CD_S2022014","2022 Toyota AFL Premiership","Premiership",11,605,"CD_R202201418","Rd 18","Round 18",18,"",1,"CD_T10","Adelaide Crows","ADEL","Crows","MEN",3,"CD_O1","Adelaide Crows","Crows","Crows",NA,NA,NA,NA,3,"CD_T40","Collingwood","COLL","Magpies","MEN",12,"CD_O6","Collingwood","Magpies","Magpies",NA,NA,NA,NA,31,"CD_V6","Adelaide Oval","AO","Adelaide","SA","Australia/Adelaide",NA,2022
3952,"CD_M20220141805","2022-07-16T03:45:00.000+0000","SCHEDULED",43,"CD_S2022014","2022 Toyota AFL Premiership","Premiership",11,605,"CD_R202201418","Rd 18","Round 18",18,"",15,"CD_T1010","GWS Giants","GWS","Giants","MEN",5,"CD_O16","GWS Giants","Giants","Giants",NA,NA,NA,NA,2,"CD_T20","Brisbane Lions","BL","Lions","MEN",13,"CD_O3","Brisbane Lions","Lions","Lions",NA,NA,NA,NA,5,"CD_V150","Manuka Oval","MO","Canberra","ACT","Australia/Canberra",NA,2022
3957,"CD_M20220141808","2022-07-16T06:35:00.000+0000","SCHEDULED",43,"CD_S2022014","2022 Toyota AFL Premiership","Premiership",11,605,"CD_R202201418","Rd 18","Round 18",18,"",6,"CD_T100","North Melbourne","NMFC","Kangaroos","MEN",20,"CD_O20","North Melbourne","Kangaroos","Kangaroos",NA,NA,NA,NA,16,"CD_T120","Richmond","RICH","Tigers","MEN",22,"CD_O25","Richmond","Tigers","Tigers",NA,NA,NA,NA,3,"CD_V190","Marvel Stadium","MRVL","Melbourne","VIC","Australia/Melbourne",NA,2022
3955,"CD_M20220141802","2022-07-16T09:25:00.000+0000","SCHEDULED",43,"CD_S2022014","2022 Toyota AFL Premiership","Premiership",11,605,"CD_R202201418","Rd 18","Round 18",18,"",5,"CD_T30","Carlton","CARL","Blues","MEN",1,"CD_O5","Carlton","Blues","Blues",NA,NA,NA,NA,10,"CD_T70","Geelong Cats","GEEL","Cats","MEN",15,"CD_O11","Geelong Cats","Cats","Cats",NA,NA,NA,NA,13,"CD_V40","MCG","MCG","Melbourne","VIC","Australia/Melbourne",NA,2022
3958,"CD_M20220141804","2022-07-16T09:30:00.000+0000","SCHEDULED",43,"CD_S2022014","2022 Toyota AFL Premiership","Premiership",11,605,"CD_R202201418","Rd 18","Round 18",18,"",14,"CD_T60","Fremantle","FRE","Dockers","MEN",6,"CD_O10","Fremantle","Dockers","Dockers",NA,NA,NA,NA,13,"CD_T160","Sydney Swans","SYD","Swans","MEN",24,"CD_O28","Sydney Swans","Swans","Swans",NA,NA,NA,NA,65,"CD_V2925","Optus Stadium","OS","Perth","WA","Australia/Perth",NA,2022
3960,"CD_M20220141806","2022-07-17T03:10:00.000+0000","SCHEDULED",43,"CD_S2022014","2022 Toyota AFL Premiership","Premiership",11,605,"CD_R202201418","Rd 18","Round 18",18,"",9,"CD_T80","Hawthorn","HAW","Hawks","MEN",16,"CD_O17","Hawthorn","Hawks","Hawks",NA,NA,NA,NA,18,"CD_T150","West Coast Eagles","WCE","Eagles","MEN",23,"CD_O30","West Coast Eagles","Eagles","Eagles",NA,NA,NA,NA,13,"CD_V40","MCG","MCG","Melbourne","VIC","Australia/Melbourne",NA,2022
3956,"CD_M20220141807","2022-07-17T05:20:00.000+0000","SCHEDULED",43,"CD_S2022014","2022 Toyota AFL Premiership","Premiership",11,605,"CD_R202201418","Rd 18","Round 18",18,"",17,"CD_T90","Melbourne","MELB","Demons","MEN",14,"CD_O18","Melbourne","Demons","Demons",NA,NA,NA,NA,7,"CD_T110","Port Adelaide","PORT","Power","MEN",19,"CD_O24","Port Adelaide","Power","Power",NA,NA,NA,NA,21,"CD_V386","TIO Traeger Park","TP","Alice Springs","NT","Australia/Darwin",NA,2022
3961,"CD_M20220141803","2022-07-17T06:40:00.000+0000","SCHEDULED",43,"CD_S2022014","2022 Toyota AFL Premiership","Premiership",11,605,"CD_R202201418","Rd 18","Round 18",18,"",12,"CD_T50","Essendon","ESS","Bombers","MEN",10,"CD_O9","Essendon","Bombers","Bombers",NA,NA,NA,NA,4,"CD_T1000","Gold Coast Suns","GCFC","Suns","MEN",9,"CD_O14","Gold Coast Suns","Suns","Suns",NA,NA,NA,NA,3,"CD_V190","Marvel Stadium","MRVL","Melbourne","VIC","Australia/Melbourne",NA,2022
3964,"CD_M20220141906","2022-07-22T09:50:00.000+0000","SCHEDULED",43,"CD_S2022014","2022 Toyota AFL Premiership","Premiership",11,606,"CD_R202201419","Rd 19","Round 19",19,"",16,"CD_T120","Richmond","RICH","Tigers","MEN",22,"CD_O25","Richmond","Tigers","Tigers",NA,NA,NA,NA,14,"CD_T60","Fremantle","FRE","Dockers","MEN",6,"CD_O10","Fremantle","Dockers","Dockers",NA,NA,NA,NA,3,"CD_V190","Marvel Stadium","MRVL","Melbourne","VIC","Australia/Melbourne",NA,2022
3966,"CD_M20220141904","2022-07-23T03:45:00.000+0000","SCHEDULED",43,"CD_S2022014","2022 Toyota AFL Premiership","Premiership",11,606,"CD_R202201419","Rd 19","Round 19",19,"",6,"CD_T100","North Melbourne","NMFC","Kangaroos","MEN",20,"CD_O20","North Melbourne","Kangaroos","Kangaroos",NA,NA,NA,NA,9,"CD_T80","Hawthorn","HAW","Hawks","MEN",16,"CD_O17","Hawthorn","Hawks","Hawks",NA,NA,NA,NA,7,"CD_V2","Blundstone Arena","BA","Hobart","TAS","Australia/Hobart",NA,2022
3962,"CD_M20220141907","2022-07-23T03:45:00.000+0000","SCHEDULED",43,"CD_S2022014","2022 Toyota AFL Premiership","Premiership",11,606,"CD_R202201419","Rd 19","Round 19",19,"",13,"CD_T160","Sydney Swans","SYD","Swans","MEN",24,"CD_O28","Sydney Swans","Swans","Swans",NA,NA,NA,NA,1,"CD_T10","Adelaide Crows","ADEL","Crows","MEN",3,"CD_O1","Adelaide Crows","Crows","Crows",NA,NA,NA,NA,9,"CD_V60","SCG","SCG","Sydney","NSW","Australia/Sydney",NA,2022
3965,"CD_M20220141905","2022-07-23T06:35:00.000+0000","SCHEDULED",43,"CD_S2022014","2022 Toyota AFL Premiership","Premiership",11,606,"CD_R202201419","Rd 19","Round 19",19,"",7,"CD_T110","Port Adelaide","PORT","Power","MEN",19,"CD_O24","Port Adelaide","Power","Power",NA,NA,NA,NA,10,"CD_T70","Geelong Cats","GEEL","Cats","MEN",15,"CD_O11","Geelong Cats","Cats","Cats",NA,NA,NA,NA,31,"CD_V6","Adelaide Oval","AO","Adelaide","SA","Australia/Adelaide",NA,2022
3969,"CD_M20220141901","2022-07-23T09:10:00.000+0000","SCHEDULED",43,"CD_S2022014","2022 Toyota AFL Premiership","Premiership",11,606,"CD_R202201419","Rd 19","Round 19",19,"",2,"CD_T20","Brisbane Lions","BL","Lions","MEN",13,"CD_O3","Brisbane Lions","Lions","Lions",NA,NA,NA,NA,4,"CD_T1000","Gold Coast Suns","GCFC","Suns","MEN",9,"CD_O14","Gold Coast Suns","Suns","Suns",NA,NA,NA,NA,22,"CD_V20","Gabba","G","Brisbane","QLD","Australia/Brisbane",NA,2022
3968,"CD_M20220141909","2022-07-23T09:25:00.000+0000","SCHEDULED",43,"CD_S2022014","2022 Toyota AFL Premiership","Premiership",11,606,"CD_R202201419","Rd 19","Round 19",19,"",8,"CD_T140","Western Bulldogs","WB","Bulldogs","MEN",25,"CD_O31","Western Bulldogs","Bulldogs","Bulldogs",NA,NA,NA,NA,17,"CD_T90","Melbourne","MELB","Demons","MEN",14,"CD_O18","Melbourne","Demons","Demons",NA,NA,NA,NA,3,"CD_V190","Marvel Stadium","MRVL","Melbourne","VIC","Australia/Melbourne",NA,2022
3970,"CD_M20220141902","2022-07-24T03:10:00.000+0000","SCHEDULED",43,"CD_S2022014","2022 Toyota AFL Premiership","Premiership",11,606,"CD_R202201419","Rd 19","Round 19",19,"",5,"CD_T30","Carlton","CARL","Blues","MEN",1,"CD_O5","Carlton","Blues","Blues",NA,NA,NA,NA,15,"CD_T1010","GWS Giants","GWS","Giants","MEN",5,"CD_O16","GWS Giants","Giants","Giants",NA,NA,NA,NA,3,"CD_V190","Marvel Stadium","MRVL","Melbourne","VIC","Australia/Melbourne",NA,2022
3963,"CD_M20220141903","2022-07-24T05:20:00.000+0000","SCHEDULED",43,"CD_S2022014","2022 Toyota AFL Premiership","Premiership",11,606,"CD_R202201419","Rd 19","Round 19",19,"",3,"CD_T40","Collingwood","COLL","Magpies","MEN",12,"CD_O6","Collingwood","Magpies","Magpies",NA,NA,NA,NA,12,"CD_T50","Essendon","ESS","Bombers","MEN",10,"CD_O9","Essendon","Bombers","Bombers",NA,NA,NA,NA,13,"CD_V40","MCG","MCG","Melbourne","VIC","Australia/Melbourne",NA,2022
3967,"CD_M20220141908","2022-07-24T06:40:00.000+0000","SCHEDULED",43,"CD_S2022014","2022 Toyota AFL Premiership","Premiership",11,606,"CD_R202201419","Rd 19","Round 19",19,"",18,"CD_T150","West Coast Eagles","WCE","Eagles","MEN",23,"CD_O30","West Coast Eagles","Eagles","Eagles",NA,NA,NA,NA,11,"CD_T130","St Kilda","STK","Saints","MEN",21,"CD_O27","St Kilda","Saints","Saints",NA,NA,NA,NA,65,"CD_V2925","Optus Stadium","OS","Perth","WA","Australia/Perth",NA,2022
3975,"CD_M20220142002","2022-07-29T02:00:00.000+0000","PLACEHOLDER",43,"CD_S2022014","2022 Toyota AFL Premiership","Premiership",11,607,"CD_R202201420","Rd 20","Round 20",20,"",3,"CD_T40","Collingwood","COLL","Magpies","MEN",12,"CD_O6","Collingwood","Magpies","Magpies",NA,NA,NA,NA,7,"CD_T110","Port Adelaide","PORT","Power","MEN",19,"CD_O24","Port Adelaide","Power","Power",NA,NA,NA,NA,13,"CD_V40","MCG","MCG","Melbourne","VIC","Australia/Melbourne",NA,2022
3976,"CD_M20220142003","2022-07-29T02:00:00.000+0000","PLACEHOLDER",43,"CD_S2022014","2022 Toyota AFL Premiership","Premiership",11,607,"CD_R202201420","Rd 20","Round 20",20,"",12,"CD_T50","Essendon","ESS","Bombers","MEN",10,"CD_O9","Essendon","Bombers","Bombers",NA,NA,NA,NA,6,"CD_T100","North Melbourne","NMFC","Kangaroos","MEN",20,"CD_O20","North Melbourne","Kangaroos","Kangaroos",NA,NA,NA,NA,3,"CD_V190","Marvel Stadium","MRVL","Melbourne","VIC","Australia/Melbourne",NA,2022
3978,"CD_M20220142005","2022-07-29T02:00:00.000+0000","PLACEHOLDER",43,"CD_S2022014","2022 Toyota AFL Premiership","Premiership",11,607,"CD_R202201420","Rd 20","Round 20",20,"",10,"CD_T70","Geelong Cats","GEEL","Cats","MEN",15,"CD_O11","Geelong Cats","Cats","Cats",NA,NA,NA,NA,8,"CD_T140","Western Bulldogs","WB","Bulldogs","MEN",25,"CD_O31","Western Bulldogs","Bulldogs","Bulldogs",NA,NA,NA,NA,15,"CD_V30","GMHBA Stadium","GMHBA","Geelong","VIC","Australia/Melbourne",NA,2022
3977,"CD_M20220142006","2022-07-29T02:00:00.000+0000","PLACEHOLDER",43,"CD_S2022014","2022 Toyota AFL Premiership","Premiership",11,607,"CD_R202201420","Rd 20","Round 20",20,"",4,"CD_T1000","Gold Coast Suns","GCFC","Suns","MEN",9,"CD_O14","Gold Coast Suns","Suns","Suns",NA,NA,NA,NA,18,"CD_T150","West Coast Eagles","WCE","Eagles","MEN",23,"CD_O30","West Coast Eagles","Eagles","Eagles",NA,NA,NA,NA,11,"CD_V81","Metricon Stadium","MS","Gold Coast","QLD","Australia/Brisbane",NA,2022
3971,"CD_M20220142007","2022-07-29T02:00:00.000+0000","PLACEHOLDER",43,"CD_S2022014","2022 Toyota AFL Premiership","Premiership",11,607,"CD_R202201420","Rd 20","Round 20",20,"",16,"CD_T120","Richmond","RICH","Tigers","MEN",22,"CD_O25","Richmond","Tigers","Tigers",NA,NA,NA,NA,2,"CD_T20","Brisbane Lions","BL","Lions","MEN",13,"CD_O3","Brisbane Lions","Lions","Lions",NA,NA,NA,NA,13,"CD_V40","MCG","MCG","Melbourne","VIC","Australia/Melbourne",NA,2022
3973,"CD_M20220142008","2022-07-29T02:00:00.000+0000","PLACEHOLDER",43,"CD_S2022014","2022 Toyota AFL Premiership","Premiership",11,607,"CD_R202201420","Rd 20","Round 20",20,"",11,"CD_T130","St Kilda","STK","Saints","MEN",21,"CD_O27","St Kilda","Saints","Saints",NA,NA,NA,NA,9,"CD_T80","Hawthorn","HAW","Hawks","MEN",16,"CD_O17","Hawthorn","Hawks","Hawks",NA,NA,NA,NA,3,"CD_V190","Marvel Stadium","MRVL","Melbourne","VIC","Australia/Melbourne",NA,2022
3979,"CD_M20220142009","2022-07-29T02:00:00.000+0000","PLACEHOLDER",43,"CD_S2022014","2022 Toyota AFL Premiership","Premiership",11,607,"CD_R202201420","Rd 20","Round 20",20,"",13,"CD_T160","Sydney Swans","SYD","Swans","MEN",24,"CD_O28","Sydney Swans","Swans","Swans",NA,NA,NA,NA,15,"CD_T1010","GWS Giants","GWS","Giants","MEN",5,"CD_O16","GWS Giants","Giants","Giants",NA,NA,NA,NA,9,"CD_V60","SCG","SCG","Sydney","NSW","Australia/Sydney",NA,2022
3972,"CD_M20220142001","2022-07-29T02:30:00.000+0000","PLACEHOLDER",43,"CD_S2022014","2022 Toyota AFL Premiership","Premiership",11,607,"CD_R202201420","Rd 20","Round 20",20,"",1,"CD_T10","Adelaide Crows","ADEL","Crows","MEN",3,"CD_O1","Adelaide Crows","Crows","Crows",NA,NA,NA,NA,5,"CD_T30","Carlton","CARL","Blues","MEN",1,"CD_O5","Carlton","Blues","Blues",NA,NA,NA,NA,31,"CD_V6","Adelaide Oval","AO","Adelaide","SA","Australia/Adelaide",NA,2022
3974,"CD_M20220142004","2022-07-29T04:00:00.000+0000","PLACEHOLDER",43,"CD_S2022014","2022 Toyota AFL Premiership","Premiership",11,607,"CD_R202201420","Rd 20","Round 20",20,"",14,"CD_T60","Fremantle","FRE","Dockers","MEN",6,"CD_O10","Fremantle","Dockers","Dockers",NA,NA,NA,NA,17,"CD_T90","Melbourne","MELB","Demons","MEN",14,"CD_O18","Melbourne","Demons","Demons",NA,NA,NA,NA,65,"CD_V2925","Optus Stadium","OS","Perth","WA","Australia/Perth",NA,2022
3981,"CD_M20220142101","2022-08-05T02:00:00.000+0000","PLACEHOLDER",43,"CD_S2022014","2022 Toyota AFL Premiership","Premiership",11,608,"CD_R202201421","Rd 21","Round 21",21,"",2,"CD_T20","Brisbane Lions","BL","Lions","MEN",13,"CD_O3","Brisbane Lions","Lions","Lions",NA,NA,NA,NA,5,"CD_T30","Carlton","CARL","Blues","MEN",1,"CD_O5","Carlton","Blues","Blues",NA,NA,NA,NA,22,"CD_V20","Gabba","G","Brisbane","QLD","Australia/Brisbane",NA,2022
3987,"CD_M20220142102","2022-08-05T02:00:00.000+0000","PLACEHOLDER",43,"CD_S2022014","2022 Toyota AFL Premiership","Premiership",11,608,"CD_R202201421","Rd 21","Round 21",21,"",10,"CD_T70","Geelong Cats","GEEL","Cats","MEN",15,"CD_O11","Geelong Cats","Cats","Cats",NA,NA,NA,NA,11,"CD_T130","St Kilda","STK","Saints","MEN",21,"CD_O27","St Kilda","Saints","Saints",NA,NA,NA,NA,15,"CD_V30","GMHBA Stadium","GMHBA","Geelong","VIC","Australia/Melbourne",NA,2022
3983,"CD_M20220142103","2022-08-05T02:00:00.000+0000","PLACEHOLDER",43,"CD_S2022014","2022 Toyota AFL Premiership","Premiership",11,608,"CD_R202201421","Rd 21","Round 21",21,"",15,"CD_T1010","GWS Giants","GWS","Giants","MEN",5,"CD_O16","GWS Giants","Giants","Giants",NA,NA,NA,NA,12,"CD_T50","Essendon","ESS","Bombers","MEN",10,"CD_O9","Essendon","Bombers","Bombers",NA,NA,NA,NA,8,"CD_V43","GIANTS Stadium","GS","Sydney","NSW","Australia/Sydney",NA,2022
3988,"CD_M20220142104","2022-08-05T02:00:00.000+0000","PLACEHOLDER",43,"CD_S2022014","2022 Toyota AFL Premiership","Premiership",11,608,"CD_R202201421","Rd 21","Round 21",21,"",9,"CD_T80","Hawthorn","HAW","Hawks","MEN",16,"CD_O17","Hawthorn","Hawks","Hawks",NA,NA,NA,NA,4,"CD_T1000","Gold Coast Suns","GCFC","Suns","MEN",9,"CD_O14","Gold Coast Suns","Suns","Suns",NA,NA,NA,NA,4,"CD_V200","University of Tasmania Stadium","UTAS","Launceston","TAS","Australia/Hobart",NA,2022
3982,"CD_M20220142105","2022-08-05T02:00:00.000+0000","PLACEHOLDER",43,"CD_S2022014","2022 Toyota AFL Premiership","Premiership",11,608,"CD_R202201421","Rd 21","Round 21",21,"",17,"CD_T90","Melbourne","MELB","Demons","MEN",14,"CD_O18","Melbourne","Demons","Demons",NA,NA,NA,NA,3,"CD_T40","Collingwood","COLL","Magpies","MEN",12,"CD_O6","Collingwood","Magpies","Magpies",NA,NA,NA,NA,13,"CD_V40","MCG","MCG","Melbourne","VIC","Australia/Melbourne",NA,2022
3986,"CD_M20220142106","2022-08-05T02:00:00.000+0000","PLACEHOLDER",43,"CD_S2022014","2022 Toyota AFL Premiership","Premiership",11,608,"CD_R202201421","Rd 21","Round 21",21,"",6,"CD_T100","North Melbourne","NMFC","Kangaroos","MEN",20,"CD_O20","North Melbourne","Kangaroos","Kangaroos",NA,NA,NA,NA,13,"CD_T160","Sydney Swans","SYD","Swans","MEN",24,"CD_O28","Sydney Swans","Swans","Swans",NA,NA,NA,NA,3,"CD_V190","Marvel Stadium","MRVL","Melbourne","VIC","Australia/Melbourne",NA,2022
3984,"CD_M20220142109","2022-08-05T02:00:00.000+0000","PLACEHOLDER",43,"CD_S2022014","2022 Toyota AFL Premiership","Premiership",11,608,"CD_R202201421","Rd 21","Round 21",21,"",8,"CD_T140","Western Bulldogs","WB","Bulldogs","MEN",25,"CD_O31","Western Bulldogs","Bulldogs","Bulldogs",NA,NA,NA,NA,14,"CD_T60","Fremantle","FRE","Dockers","MEN",6,"CD_O10","Fremantle","Dockers","Dockers",NA,NA,NA,NA,3,"CD_V190","Marvel Stadium","MRVL","Melbourne","VIC","Australia/Melbourne",NA,2022
3985,"CD_M20220142107","2022-08-05T02:30:00.000+0000","PLACEHOLDER",43,"CD_S2022014","2022 Toyota AFL Premiership","Premiership",11,608,"CD_R202201421","Rd 21","Round 21",21,"",7,"CD_T110","Port Adelaide","PORT","Power","MEN",19,"CD_O24","Port Adelaide","Power","Power",NA,NA,NA,NA,16,"CD_T120","Richmond","RICH","Tigers","MEN",22,"CD_O25","Richmond","Tigers","Tigers",NA,NA,NA,NA,31,"CD_V6","Adelaide Oval","AO","Adelaide","SA","Australia/Adelaide",NA,2022
3980,"CD_M20220142108","2022-08-05T04:00:00.000+0000","PLACEHOLDER",43,"CD_S2022014","2022 Toyota AFL Premiership","Premiership",11,608,"CD_R202201421","Rd 21","Round 21",21,"",18,"CD_T150","West Coast Eagles","WCE","Eagles","MEN",23,"CD_O30","West Coast Eagles","Eagles","Eagles",NA,NA,NA,NA,1,"CD_T10","Adelaide Crows","ADEL","Crows","MEN",3,"CD_O1","Adelaide Crows","Crows","Crows",NA,NA,NA,NA,65,"CD_V2925","Optus Stadium","OS","Perth","WA","Australia/Perth",NA,2022
3995,"CD_M20220142202","2022-08-12T02:00:00.000+0000","PLACEHOLDER",43,"CD_S2022014","2022 Toyota AFL Premiership","Premiership",11,609,"CD_R202201422","Rd 22","Round 22",22,"",12,"CD_T50","Essendon","ESS","Bombers","MEN",10,"CD_O9","Essendon","Bombers","Bombers",NA,NA,NA,NA,7,"CD_T110","Port Adelaide","PORT","Power","MEN",19,"CD_O24","Port Adelaide","Power","Power",NA,NA,NA,NA,3,"CD_V190","Marvel Stadium","MRVL","Melbourne","VIC","Australia/Melbourne",NA,2022
3991,"CD_M20220142204","2022-08-12T02:00:00.000+0000","PLACEHOLDER",43,"CD_S2022014","2022 Toyota AFL Premiership","Premiership",11,609,"CD_R202201422","Rd 22","Round 22",22,"",4,"CD_T1000","Gold Coast Suns","GCFC","Suns","MEN",9,"CD_O14","Gold Coast Suns","Suns","Suns",NA,NA,NA,NA,10,"CD_T70","Geelong Cats","GEEL","Cats","MEN",15,"CD_O11","Geelong Cats","Cats","Cats",NA,NA,NA,NA,11,"CD_V81","Metricon Stadium","MS","Gold Coast","QLD","Australia/Brisbane",NA,2022
3990,"CD_M20220142205","2022-08-12T02:00:00.000+0000","PLACEHOLDER",43,"CD_S2022014","2022 Toyota AFL Premiership","Premiership",11,609,"CD_R202201422","Rd 22","Round 22",22,"",17,"CD_T90","Melbourne","MELB","Demons","MEN",14,"CD_O18","Melbourne","Demons","Demons",NA,NA,NA,NA,5,"CD_T30","Carlton","CARL","Blues","MEN",1,"CD_O5","Carlton","Blues","Blues",NA,NA,NA,NA,13,"CD_V40","MCG","MCG","Melbourne","VIC","Australia/Melbourne",NA,2022
3993,"CD_M20220142206","2022-08-12T02:00:00.000+0000","PLACEHOLDER",43,"CD_S2022014","2022 Toyota AFL Premiership","Premiership",11,609,"CD_R202201422","Rd 22","Round 22",22,"",16,"CD_T120","Richmond","RICH","Tigers","MEN",22,"CD_O25","Richmond","Tigers","Tigers",NA,NA,NA,NA,9,"CD_T80","Hawthorn","HAW","Hawks","MEN",16,"CD_O17","Hawthorn","Hawks","Hawks",NA,NA,NA,NA,13,"CD_V40","MCG","MCG","Melbourne","VIC","Australia/Melbourne",NA,2022
3989,"CD_M20220142207","2022-08-12T02:00:00.000+0000","PLACEHOLDER",43,"CD_S2022014","2022 Toyota AFL Premiership","Premiership",11,609,"CD_R202201422","Rd 22","Round 22",22,"",11,"CD_T130","St Kilda","STK","Saints","MEN",21,"CD_O27","St Kilda","Saints","Saints",NA,NA,NA,NA,2,"CD_T20","Brisbane Lions","BL","Lions","MEN",13,"CD_O3","Brisbane Lions","Lions","Lions",NA,NA,NA,NA,3,"CD_V190","Marvel Stadium","MRVL","Melbourne","VIC","Australia/Melbourne",NA,2022
3992,"CD_M20220142208","2022-08-12T02:00:00.000+0000","PLACEHOLDER",43,"CD_S2022014","2022 Toyota AFL Premiership","Premiership",11,609,"CD_R202201422","Rd 22","Round 22",22,"",13,"CD_T160","Sydney Swans","SYD","Swans","MEN",24,"CD_O28","Sydney Swans","Swans","Swans",NA,NA,NA,NA,3,"CD_T40","Collingwood","COLL","Magpies","MEN",12,"CD_O6","Collingwood","Magpies","Magpies",NA,NA,NA,NA,9,"CD_V60","SCG","SCG","Sydney","NSW","Australia/Sydney",NA,2022
3997,"CD_M20220142209","2022-08-12T02:00:00.000+0000","PLACEHOLDER",43,"CD_S2022014","2022 Toyota AFL Premiership","Premiership",11,609,"CD_R202201422","Rd 22","Round 22",22,"",8,"CD_T140","Western Bulldogs","WB","Bulldogs","MEN",25,"CD_O31","Western Bulldogs","Bulldogs","Bulldogs",NA,NA,NA,NA,15,"CD_T1010","GWS Giants","GWS","Giants","MEN",5,"CD_O16","GWS Giants","Giants","Giants",NA,NA,NA,NA,3,"CD_V190","Marvel Stadium","MRVL","Melbourne","VIC","Australia/Melbourne",NA,2022
3994,"CD_M20220142201","2022-08-12T02:30:00.000+0000","PLACEHOLDER",43,"CD_S2022014","2022 Toyota AFL Premiership","Premiership",11,609,"CD_R202201422","Rd 22","Round 22",22,"",1,"CD_T10","Adelaide Crows","ADEL","Crows","MEN",3,"CD_O1","Adelaide Crows","Crows","Crows",NA,NA,NA,NA,6,"CD_T100","North Melbourne","NMFC","Kangaroos","MEN",20,"CD_O20","North Melbourne","Kangaroos","Kangaroos",NA,NA,NA,NA,31,"CD_V6","Adelaide Oval","AO","Adelaide","SA","Australia/Adelaide",NA,2022
3996,"CD_M20220142203","2022-08-12T04:00:00.000+0000","PLACEHOLDER",43,"CD_S2022014","2022 Toyota AFL Premiership","Premiership",11,609,"CD_R202201422","Rd 22","Round 22",22,"",14,"CD_T60","Fremantle","FRE","Dockers","MEN",6,"CD_O10","Fremantle","Dockers","Dockers",NA,NA,NA,NA,18,"CD_T150","West Coast Eagles","WCE","Eagles","MEN",23,"CD_O30","West Coast Eagles","Eagles","Eagles",NA,NA,NA,NA,65,"CD_V2925","Optus Stadium","OS","Perth","WA","Australia/Perth",NA,2022
4001,"CD_M20220142301","2022-08-19T02:00:00.000+0000","PLACEHOLDER",43,"CD_S2022014","2022 Toyota AFL Premiership","Premiership",11,610,"CD_R202201423","Rd 23","Round 23",23,"",2,"CD_T20","Brisbane Lions","BL","Lions","MEN",13,"CD_O3","Brisbane Lions","Lions","Lions",NA,NA,NA,NA,17,"CD_T90","Melbourne","MELB","Demons","MEN",14,"CD_O18","Melbourne","Demons","Demons",NA,NA,NA,NA,22,"CD_V20","Gabba","G","Brisbane","QLD","Australia/Brisbane",NA,2022
3998,"CD_M20220142302","2022-08-19T02:00:00.000+0000","PLACEHOLDER",43,"CD_S2022014","2022 Toyota AFL Premiership","Premiership",11,610,"CD_R202201423","Rd 23","Round 23",23,"",5,"CD_T30","Carlton","CARL","Blues","MEN",1,"CD_O5","Carlton","Blues","Blues",NA,NA,NA,NA,3,"CD_T40","Collingwood","COLL","Magpies","MEN",12,"CD_O6","Collingwood","Magpies","Magpies",NA,NA,NA,NA,13,"CD_V40","MCG","MCG","Melbourne","VIC","Australia/Melbourne",NA,2022
4004,"CD_M20220142303","2022-08-19T02:00:00.000+0000","PLACEHOLDER",43,"CD_S2022014","2022 Toyota AFL Premiership","Premiership",11,610,"CD_R202201423","Rd 23","Round 23",23,"",12,"CD_T50","Essendon","ESS","Bombers","MEN",10,"CD_O9","Essendon","Bombers","Bombers",NA,NA,NA,NA,16,"CD_T120","Richmond","RICH","Tigers","MEN",22,"CD_O25","Richmond","Tigers","Tigers",NA,NA,NA,NA,13,"CD_V40","MCG","MCG","Melbourne","VIC","Australia/Melbourne",NA,2022
4002,"CD_M20220142304","2022-08-19T02:00:00.000+0000","PLACEHOLDER",43,"CD_S2022014","2022 Toyota AFL Premiership","Premiership",11,610,"CD_R202201423","Rd 23","Round 23",23,"",10,"CD_T70","Geelong Cats","GEEL","Cats","MEN",15,"CD_O11","Geelong Cats","Cats","Cats",NA,NA,NA,NA,18,"CD_T150","West Coast Eagles","WCE","Eagles","MEN",23,"CD_O30","West Coast Eagles","Eagles","Eagles",NA,NA,NA,NA,15,"CD_V30","GMHBA Stadium","GMHBA","Geelong","VIC","Australia/Melbourne",NA,2022
4000,"CD_M20220142305","2022-08-19T02:00:00.000+0000","PLACEHOLDER",43,"CD_S2022014","2022 Toyota AFL Premiership","Premiership",11,610,"CD_R202201423","Rd 23","Round 23",23,"",15,"CD_T1010","GWS Giants","GWS","Giants","MEN",5,"CD_O16","GWS Giants","Giants","Giants",NA,NA,NA,NA,14,"CD_T60","Fremantle","FRE","Dockers","MEN",6,"CD_O10","Fremantle","Dockers","Dockers",NA,NA,NA,NA,5,"CD_V150","Manuka Oval","MO","Canberra","ACT","Australia/Canberra",NA,2022
4005,"CD_M20220142306","2022-08-19T02:00:00.000+0000","PLACEHOLDER",43,"CD_S2022014","2022 Toyota AFL Premiership","Premiership",11,610,"CD_R202201423","Rd 23","Round 23",23,"",9,"CD_T80","Hawthorn","HAW","Hawks","MEN",16,"CD_O17","Hawthorn","Hawks","Hawks",NA,NA,NA,NA,8,"CD_T140","Western Bulldogs","WB","Bulldogs","MEN",25,"CD_O31","Western Bulldogs","Bulldogs","Bulldogs",NA,NA,NA,NA,4,"CD_V200","University of Tasmania Stadium","UTAS","Launceston","TAS","Australia/Hobart",NA,2022
4006,"CD_M20220142307","2022-08-19T02:00:00.000+0000","PLACEHOLDER",43,"CD_S2022014","2022 Toyota AFL Premiership","Premiership",11,610,"CD_R202201423","Rd 23","Round 23",23,"",6,"CD_T100","North Melbourne","NMFC","Kangaroos","MEN",20,"CD_O20","North Melbourne","Kangaroos","Kangaroos",NA,NA,NA,NA,4,"CD_T1000","Gold Coast Suns","GCFC","Suns","MEN",9,"CD_O14","Gold Coast Suns","Suns","Suns",NA,NA,NA,NA,3,"CD_V190","Marvel Stadium","MRVL","Melbourne","VIC","Australia/Melbourne",NA,2022
4003,"CD_M20220142309","2022-08-19T02:00:00.000+0000","PLACEHOLDER",43,"CD_S2022014","2022 Toyota AFL Premiership","Premiership",11,610,"CD_R202201423","Rd 23","Round 23",23,"",11,"CD_T130","St Kilda","STK","Saints","MEN",21,"CD_O27","St Kilda","Saints","Saints",NA,NA,NA,NA,13,"CD_T160","Sydney Swans","SYD","Swans","MEN",24,"CD_O28","Sydney Swans","Swans","Swans",NA,NA,NA,NA,3,"CD_V190","Marvel Stadium","MRVL","Melbourne","VIC","Australia/Melbourne",NA,2022
3999,"CD_M20220142308","2022-08-19T02:30:00.000+0000","PLACEHOLDER",43,"CD_S2022014","2022 Toyota AFL Premiership","Premiership",11,610,"CD_R202201423","Rd 23","Round 23",23,"",7,"CD_T110","Port Adelaide","PORT","Power","MEN",19,"CD_O24","Port Adelaide","Power","Power",NA,NA,NA,NA,1,"CD_T10","Adelaide Crows","ADEL","Crows","MEN",3,"CD_O1","Adelaide Crows","Crows","Crows",NA,NA,NA,NA,31,"CD_V6","Adelaide Oval","AO","Adelaide","SA","Australia/Adelaide",NA,2022
